Data/hora da geração:,25/02/2021,09:08:36
Codigo Ativo,Tipo Provento,Data de Anuncio,Data de Pagamento,Valor
ABCP11,Rendimento,28/02/2020,06/03/2020,"0,49"
ABCP11,Rendimento,30/06/2020,07/07/2020,"0,49"
ABCP11,Rendimento,31/08/2020,08/09/2020,"0,11"
ABCP11,Rendimento,30/09/2020,08/10/2020,"0,19"
ABCP11,Rendimento,30/10/2020,10/11/2020,"0,3"
ABCP11,Rendimento,30/11/2020,08/12/2020,"0,35"
ABCP11,Rendimento,30/12/2020,11/01/2021,"0,41"
ABCP11,Rendimento,29/01/2021,08/02/2021,"0,56"
KNCR11,Rendimento,28/02/2020,12/03/2020,"0,41"
KNCR11,Rendimento,31/03/2020,14/04/2020,"0,45"
KNCR11,Rendimento,30/04/2020,14/05/2020,"0,35"
KNCR11,Rendimento,29/05/2020,12/06/2020,"0,3"
KNCR11,Rendimento,30/06/2020,13/07/2020,"0,3"
KNCR11,Rendimento,31/07/2020,13/08/2020,"0,3"
KNCR11,Rendimento,31/08/2020,14/09/2020,"0,27"
KNCR11,Rendimento,30/09/2020,14/10/2020,"0,25"
KNCR11,Rendimento,30/10/2020,13/11/2020,"0,25"
KNCR11,Rendimento,30/11/2020,11/12/2020,"0,3"
KNCR11,Rendimento,30/12/2020,14/01/2021,"0,43"
KNCR11,Rendimento,29/01/2021,11/02/2021,"0,28"
GTWR11,Rendimento,28/02/2020,13/03/2020,"0,69"
GTWR11,Rendimento,31/03/2020,15/04/2020,"0,69"
GTWR11,Rendimento,30/04/2020,15/05/2020,"0,69"
GTWR11,Rendimento,29/05/2020,15/06/2020,"0,69"
GTWR11,Rendimento,30/06/2020,14/07/2020,"0,69"
GTWR11,Rendimento,31/07/2020,14/08/2020,"0,69"
GTWR11,Rendimento,31/08/2020,15/09/2020,"0,69"
GTWR11,Rendimento,30/09/2020,15/10/2020,"0,69"
GTWR11,Rendimento,30/10/2020,16/11/2020,"0,69"
GTWR11,Rendimento,30/11/2020,14/12/2020,"0,69"
GTWR11,Rendimento,30/12/2020,15/01/2021,"0,69"
GTWR11,Rendimento,29/01/2021,12/02/2021,"0,69"
KNSC11,Rendimento,30/11/2020,11/12/2020,"0,48"
KNSC11,Rendimento,30/12/2020,14/01/2021,"0,88"
KNSC11,Rendimento,29/01/2021,11/02/2021,"1,28"
AFCR11,Rendimento,01/04/2020,08/04/2020,"0,05"
AFCR11,Rendimento,01/07/2020,08/07/2020,"0,3"
AFCR11,Rendimento,03/08/2020,10/08/2020,"0,6"
AFCR11,Rendimento,31/08/2020,09/09/2020,"0,8"
AFCR11,Rendimento,30/09/2020,08/10/2020,"0,87"
AFCR11,Rendimento,30/10/2020,10/11/2020,"0,88"
AFCR11,Rendimento,30/11/2020,08/12/2020,"0,88"
AFCR11,Rendimento,30/12/2020,11/01/2021,"0,93"
AFCR11,Rendimento,29/01/2021,08/02/2021,"0,96"
LATR11,Rendimento,12/05/2020,19/05/2020,"28,2"
LATR11,Rendimento,26/08/2020,02/09/2020,"28,2"
LATR11,Rendimento,09/12/2020,16/12/2020,"14,06"
LATR11,Rendimento,09/12/2020,16/12/2020,"3,67"
HUSC11,Rendimento,29/05/2020,15/06/2020,"0,59"
HUSC11,Rendimento,30/06/2020,15/07/2020,"0,59"
HUSC11,Rendimento,31/07/2020,14/08/2020,"0,73"
HUSC11,Rendimento,31/08/2020,15/09/2020,"0,73"
HUSC11,Rendimento,30/09/2020,15/10/2020,"0,73"
HUSC11,Rendimento,30/10/2020,13/11/2020,"0,73"
HUSC11,Rendimento,30/11/2020,15/12/2020,"0,73"
HUSC11,Rendimento,30/12/2020,15/01/2021,"0,73"
HUSC11,Rendimento,29/01/2021,12/02/2021,"0,73"
LASC11,Rendimento,11/05/2020,18/05/2020,"0,15"
LASC11,Rendimento,29/05/2020,08/06/2020,"0,15"
LASC11,Rendimento,08/07/2020,15/07/2020,"0,17"
LASC11,Rendimento,31/07/2020,07/08/2020,"0,15"
LASC11,Rendimento,31/08/2020,08/09/2020,"0,2"
LASC11,Rendimento,01/10/2020,08/10/2020,"0,27"
LASC11,Rendimento,30/10/2020,06/11/2020,"0,31"
LASC11,Rendimento,30/11/2020,08/12/2020,"0,53"
LASC11,Rendimento,30/12/2020,08/01/2021,"0,71"
LASC11,Rendimento,29/01/2021,05/02/2021,"0,51"
AFOF11,Rendimento,14/07/2020,21/07/2020,"8,06"
AFOF11,Rendimento,27/01/2021,03/02/2021,"8,76"
LOFT11,Rendimento,31/03/2020,15/04/2020,"2,71"
LOFT11,Rendimento,30/06/2020,14/07/2020,"2,99"
LOFT11,Rendimento,30/09/2020,08/10/2020,"45,67"
LOFT11,Rendimento,30/09/2020,15/10/2020,"0,79"
LOFT11,Rendimento,04/01/2021,11/01/2021,"27,4"
LOFT11,Rendimento,30/12/2020,15/01/2021,"0,39"
ALZR11,Rendimento,18/03/2020,25/03/2020,"0,59"
ALZR11,Rendimento,16/04/2020,24/04/2020,"0,59"
ALZR11,Rendimento,18/05/2020,25/05/2020,"0,6"
ALZR11,Rendimento,18/06/2020,25/06/2020,"0,6"
ALZR11,Rendimento,17/07/2020,24/07/2020,"0,62"
ALZR11,Rendimento,18/08/2020,25/08/2020,"0,59"
ALZR11,Rendimento,18/09/2020,25/09/2020,"0,57"
ALZR11,Rendimento,16/10/2020,23/10/2020,"0,36"
ALZR11,Rendimento,18/11/2020,25/11/2020,"0,37"
ALZR11,Rendimento,16/12/2020,23/12/2020,"0,38"
ALZR11,Rendimento,15/01/2021,22/01/2021,"0,39"
ALZR11,Rendimento,18/02/2021,25/02/2021,"0,49"
FIIB11,Rendimento,28/02/2020,10/03/2020,"2,8"
FIIB11,Rendimento,31/03/2020,13/04/2020,"2,4"
FIIB11,Rendimento,30/04/2020,11/05/2020,"1,9"
FIIB11,Rendimento,29/05/2020,10/06/2020,"1,7"
FIIB11,Rendimento,30/06/2020,10/07/2020,"1,75"
FIIB11,Rendimento,31/07/2020,10/08/2020,"1,75"
FIIB11,Rendimento,31/08/2020,10/09/2020,"2,37"
FIIB11,Rendimento,30/09/2020,09/10/2020,"2,39"
FIIB11,Rendimento,30/10/2020,10/11/2020,"2,65"
FIIB11,Rendimento,30/11/2020,10/12/2020,"2,7"
FIIB11,Rendimento,30/12/2020,11/01/2021,"2,75"
FIIB11,Rendimento,29/01/2021,10/02/2021,"2,89"
LFTT11,Rendimento,30/09/2020,15/10/2020,"1,28"
LFTT11,Rendimento,30/12/2020,15/01/2021,"2,02"
FINF11,Rendimento,28/02/2020,06/03/2020,"0,33"
FINF11,Rendimento,16/04/2020,24/04/2020,"0,19"
FINF11,Rendimento,07/05/2020,14/05/2020,"0,2"
FINF11,Rendimento,09/06/2020,18/06/2020,"0,26"
FINF11,Rendimento,08/07/2020,15/07/2020,"1,83"
FINF11,Rendimento,11/08/2020,18/08/2020,"0,49"
FINF11,Rendimento,09/09/2020,16/09/2020,"0,49"
FINF11,Rendimento,07/10/2020,15/10/2020,"0,49"
FINF11,Rendimento,09/11/2020,16/11/2020,"0,49"
FINF11,Rendimento,07/12/2020,14/12/2020,"0,49"
FINF11,Rendimento,30/11/2020,14/12/2020,"0,13"
FINF11,Rendimento,08/01/2021,15/01/2021,"0,49"
FINF11,Rendimento,30/12/2020,15/01/2021,"0,17"
FINF11,Rendimento,05/02/2021,12/02/2021,"0,49"
FINF11,Rendimento,29/01/2021,12/02/2021,"0,11"
LGCP11,Rendimento,28/02/2020,13/03/2020,"0,46"
LGCP11,Rendimento,31/03/2020,15/04/2020,"0,45"
LGCP11,Rendimento,30/04/2020,15/05/2020,"0,48"
LGCP11,Rendimento,29/05/2020,15/06/2020,"0,47"
LGCP11,Rendimento,30/06/2020,15/07/2020,"0,47"
LGCP11,Rendimento,31/07/2020,14/08/2020,"0,44"
LGCP11,Rendimento,31/08/2020,15/09/2020,"0,52"
LGCP11,Rendimento,30/09/2020,15/10/2020,"0,53"
LGCP11,Rendimento,30/10/2020,13/11/2020,"0,55"
LGCP11,Rendimento,30/11/2020,15/12/2020,"0,54"
LGCP11,Rendimento,30/12/2020,15/01/2021,"0,33"
LGCP11,Rendimento,29/01/2021,12/02/2021,"0,5"
FMOF11,Rendimento,30/06/2020,17/07/2020,"0,43"
FMOF11,Rendimento,30/12/2020,15/01/2021,"0,65"
AIEC11,Rendimento,30/10/2020,10/11/2020,"0,54"
AIEC11,Rendimento,30/11/2020,08/12/2020,"0,57"
AIEC11,Rendimento,30/12/2020,11/01/2021,"0,57"
AIEC11,Rendimento,29/01/2021,08/02/2021,"0,56"
MBRF11,Rendimento,05/03/2020,13/03/2020,"8,5"
MBRF11,Rendimento,07/04/2020,15/04/2020,"8,5"
MBRF11,Rendimento,07/05/2020,15/05/2020,"8,5"
MBRF11,Rendimento,04/06/2020,15/06/2020,"9,0"
MBRF11,Rendimento,06/07/2020,15/07/2020,"9,0"
MBRF11,Rendimento,06/08/2020,14/08/2020,"9,0"
MBRF11,Rendimento,04/09/2020,15/09/2020,"9,0"
MBRF11,Rendimento,06/10/2020,15/10/2020,"9,0"
MBRF11,Rendimento,05/11/2020,13/11/2020,"6,9"
MBRF11,Rendimento,07/12/2020,15/12/2020,"6,9"
MBRF11,Rendimento,07/01/2021,15/01/2021,"6,9"
MBRF11,Rendimento,04/02/2021,12/02/2021,"6,9"
LUGG11,Rendimento,28/02/2020,13/03/2020,"0,49"
LUGG11,Rendimento,31/03/2020,15/04/2020,"0,44"
LUGG11,Rendimento,30/04/2020,15/05/2020,"0,48"
LUGG11,Rendimento,29/05/2020,15/06/2020,"0,5"
LUGG11,Rendimento,30/06/2020,15/07/2020,"0,53"
LUGG11,Rendimento,31/07/2020,14/08/2020,"0,45"
LUGG11,Rendimento,31/08/2020,15/09/2020,"0,47"
LUGG11,Rendimento,30/09/2020,15/10/2020,"0,45"
LUGG11,Rendimento,30/10/2020,13/11/2020,"0,45"
LUGG11,Rendimento,30/11/2020,15/12/2020,"0,48"
LUGG11,Rendimento,30/12/2020,15/01/2021,"0,45"
LUGG11,Rendimento,29/01/2021,12/02/2021,"0,5"
BCRI11,Rendimento,28/02/2020,13/03/2020,"1,04"
BCRI11,Rendimento,31/03/2020,15/04/2020,"0,72"
BCRI11,Rendimento,30/04/2020,15/05/2020,"0,73"
BCRI11,Rendimento,29/05/2020,15/06/2020,"0,67"
BCRI11,Rendimento,30/06/2020,15/07/2020,"0,85"
BCRI11,Rendimento,31/07/2020,14/08/2020,"0,76"
BCRI11,Rendimento,31/08/2020,15/09/2020,"0,73"
BCRI11,Rendimento,30/09/2020,15/10/2020,"0,8"
BCRI11,Rendimento,30/10/2020,13/11/2020,"0,96"
BCRI11,Rendimento,30/11/2020,15/12/2020,"1,19"
BCRI11,Rendimento,30/12/2020,15/01/2021,"1,14"
BCRI11,Rendimento,29/01/2021,12/02/2021,"0,9"
DMAC11,Rendimento,06/03/2020,16/03/2020,"23,31"
DMAC11,Rendimento,06/03/2020,16/03/2020,"3,45"
DMAC11,Rendimento,06/04/2020,15/04/2020,"25,51"
DMAC11,Rendimento,06/04/2020,15/04/2020,"3,51"
DMAC11,Rendimento,06/05/2020,15/05/2020,"3,16"
DMAC11,Rendimento,06/05/2020,15/05/2020,"41,37"
DMAC11,Rendimento,05/06/2020,15/06/2020,"2,93"
DMAC11,Rendimento,05/06/2020,15/06/2020,"7,71"
DMAC11,Rendimento,06/07/2020,15/07/2020,"2,78"
DMAC11,Rendimento,06/07/2020,15/07/2020,"27,05"
DMAC11,Rendimento,06/08/2020,17/08/2020,"2,64"
DMAC11,Rendimento,06/08/2020,17/08/2020,"22,67"
DMAC11,Rendimento,04/09/2020,15/09/2020,"2,44"
DMAC11,Rendimento,04/09/2020,15/09/2020,"29,31"
DMAC11,Rendimento,06/10/2020,15/10/2020,"2,13"
DMAC11,Rendimento,06/10/2020,15/10/2020,"45,68"
DMAC11,Rendimento,06/11/2020,16/11/2020,"1,85"
DMAC11,Rendimento,06/11/2020,16/11/2020,"40,12"
DMAC11,Rendimento,04/12/2020,15/12/2020,"1,48"
DMAC11,Rendimento,04/12/2020,15/12/2020,"23,77"
DMAC11,Rendimento,06/01/2021,15/01/2021,"49,5"
DMAC11,Rendimento,06/01/2021,15/01/2021,"1,37"
DMAC11,Rendimento,05/02/2021,18/02/2021,"0,93"
MGFF11,Rendimento,06/03/2020,17/03/2020,"0,7"
MGFF11,Rendimento,07/04/2020,17/04/2020,"0,6"
MGFF11,Rendimento,08/05/2020,19/05/2020,"0,6"
MGFF11,Rendimento,05/06/2020,17/06/2020,"0,6"
MGFF11,Rendimento,07/07/2020,16/07/2020,"0,62"
MGFF11,Rendimento,07/08/2020,14/08/2020,"0,56"
MGFF11,Rendimento,08/09/2020,17/09/2020,"0,5"
MGFF11,Rendimento,07/10/2020,19/10/2020,"0,5"
MGFF11,Rendimento,09/11/2020,18/11/2020,"0,5"
MGFF11,Rendimento,07/12/2020,16/12/2020,"0,5"
MGFF11,Rendimento,08/01/2021,19/01/2021,"0,6"
MGFF11,Rendimento,05/02/2021,18/02/2021,"0,65"
MALL11,Rendimento,28/02/2020,13/03/2020,"0,5"
MALL11,Rendimento,31/03/2020,15/04/2020,"0,4"
MALL11,Rendimento,30/04/2020,15/05/2020,"0,12"
MALL11,Rendimento,29/05/2020,12/06/2020,"0,11"
MALL11,Rendimento,30/06/2020,14/07/2020,"0,14"
MALL11,Rendimento,31/07/2020,14/08/2020,"0,15"
MALL11,Rendimento,31/08/2020,15/09/2020,"0,3"
MALL11,Rendimento,30/09/2020,15/10/2020,"0,35"
MALL11,Rendimento,30/10/2020,16/11/2020,"0,48"
MALL11,Rendimento,30/11/2020,14/12/2020,"0,58"
MALL11,Rendimento,30/12/2020,15/01/2021,"0,62"
MALL11,Rendimento,31/12/2021,12/02/2021,"0,62"
MALL11,Rendimento,29/01/2021,12/02/2021,"0,62"
BNFS11,Rendimento,28/02/2020,13/03/2020,"0,86"
BNFS11,Rendimento,31/03/2020,15/04/2020,"0,89"
BNFS11,Rendimento,30/04/2020,15/05/2020,"0,96"
BNFS11,Rendimento,29/05/2020,15/06/2020,"0,98"
BNFS11,Rendimento,30/06/2020,14/07/2020,"0,96"
BNFS11,Rendimento,31/07/2020,14/08/2020,"0,97"
BNFS11,Rendimento,31/08/2020,15/09/2020,"0,94"
BNFS11,Rendimento,30/09/2020,15/10/2020,"0,95"
BNFS11,Rendimento,30/10/2020,16/11/2020,"0,91"
BNFS11,Rendimento,30/11/2020,14/12/2020,"1,0"
BNFS11,Rendimento,30/12/2020,15/01/2021,"1,05"
BNFS11,Rendimento,29/01/2021,12/02/2021,"0,98"
BBFI11,Rendimento,28/02/2020,13/03/2020,"27,16"
BBFI11,Rendimento,31/03/2020,15/04/2020,"25,46"
BBFI11,Rendimento,30/04/2020,15/05/2020,"25,0"
BBFI11,Rendimento,29/05/2020,15/06/2020,"23,16"
BBFI11,Rendimento,30/06/2020,15/07/2020,"25,31"
BBFI11,Rendimento,31/07/2020,14/08/2020,"25,33"
BBFI11,Rendimento,31/08/2020,15/09/2020,"25,06"
BBFI11,Rendimento,30/09/2020,15/10/2020,"25,48"
BBFI11,Rendimento,30/10/2020,13/11/2020,"20,75"
BBFI11,Rendimento,30/11/2020,15/12/2020,"14,53"
BBFI11,Rendimento,30/12/2020,15/01/2021,"28,25"
BBFI11,Rendimento,29/01/2021,12/02/2021,"28,24"
OULG11,Rendimento,13/03/2020,20/03/2020,"0,6"
OULG11,Rendimento,15/04/2020,23/04/2020,"0,65"
OULG11,Rendimento,15/05/2020,22/05/2020,"0,66"
OULG11,Rendimento,15/06/2020,22/06/2020,"0,66"
OULG11,Rendimento,14/07/2020,21/07/2020,"0,68"
OULG11,Rendimento,14/08/2020,21/08/2020,"0,61"
OULG11,Rendimento,15/09/2020,22/09/2020,"0,61"
OULG11,Rendimento,15/10/2020,22/10/2020,"0,61"
OULG11,Rendimento,16/11/2020,23/11/2020,"0,61"
OULG11,Rendimento,14/12/2020,21/12/2020,"0,61"
OULG11,Rendimento,15/01/2021,22/01/2021,"0,57"
OULG11,Rendimento,12/02/2021,23/02/2021,"0,5"
BBFO11,Rendimento,29/01/2021,12/02/2021,"0,31"
BBPO11,Rendimento,28/02/2020,13/03/2020,"1,06"
BBPO11,Rendimento,31/03/2020,15/04/2020,"1,06"
BBPO11,Rendimento,30/04/2020,15/05/2020,"1,06"
BBPO11,Rendimento,29/05/2020,15/06/2020,"1,06"
BBPO11,Rendimento,30/06/2020,14/07/2020,"1,06"
BBPO11,Rendimento,31/07/2020,14/08/2020,"1,06"
BBPO11,Rendimento,31/08/2020,15/09/2020,"1,08"
BBPO11,Rendimento,30/09/2020,15/10/2020,"1,08"
BBPO11,Rendimento,30/10/2020,16/11/2020,"1,08"
BBPO11,Rendimento,30/11/2020,14/12/2020,"1,08"
BBPO11,Rendimento,30/12/2020,15/01/2021,"1,08"
BBPO11,Rendimento,29/01/2021,12/02/2021,"1,08"
MXRF11,Rendimento,28/02/2020,06/03/2020,"0,09"
MXRF11,Rendimento,31/03/2020,14/04/2020,"0,08"
MXRF11,Rendimento,30/04/2020,15/05/2020,"0,07"
MXRF11,Rendimento,29/05/2020,15/06/2020,"0,07"
MXRF11,Rendimento,30/06/2020,14/07/2020,"0,07"
MXRF11,Rendimento,31/07/2020,14/08/2020,"0,07"
MXRF11,Rendimento,31/08/2020,15/09/2020,"0,07"
MXRF11,Rendimento,30/09/2020,15/10/2020,"0,07"
MXRF11,Rendimento,30/10/2020,16/11/2020,"0,06"
MXRF11,Rendimento,30/11/2020,14/12/2020,"0,06"
MXRF11,Rendimento,30/12/2020,15/01/2021,"0,07"
MXRF11,Rendimento,29/01/2021,12/02/2021,"0,08"
FPNG11,Rendimento,05/03/2020,13/03/2020,"0,33"
FPNG11,Rendimento,06/04/2020,15/04/2020,"0,5"
FPNG11,Rendimento,07/05/2020,15/05/2020,"0,46"
FPNG11,Rendimento,04/06/2020,15/06/2020,"0,42"
FPNG11,Rendimento,06/07/2020,15/07/2020,"0,49"
FPNG11,Rendimento,06/08/2020,14/08/2020,"0,52"
FPNG11,Rendimento,04/09/2020,15/09/2020,"0,54"
FPNG11,Rendimento,06/10/2020,15/10/2020,"0,47"
FPNG11,Rendimento,06/11/2020,16/11/2020,"0,49"
FPNG11,Rendimento,04/12/2020,14/12/2020,"0,5"
FPNG11,Rendimento,07/01/2021,15/01/2021,"0,5"
FPNG11,Rendimento,04/02/2021,12/02/2021,"0,27"
MFII11,Rendimento,28/02/2020,13/03/2020,"1,02"
MFII11,Rendimento,31/03/2020,15/04/2020,"1,03"
MFII11,Rendimento,30/04/2020,15/05/2020,"1,03"
MFII11,Rendimento,29/05/2020,15/06/2020,"1,01"
MFII11,Rendimento,30/06/2020,14/07/2020,"0,95"
MFII11,Rendimento,31/07/2020,14/08/2020,"0,96"
MFII11,Rendimento,31/08/2020,15/09/2020,"0,98"
MFII11,Rendimento,30/09/2020,15/10/2020,"1,01"
MFII11,Rendimento,30/10/2020,16/11/2020,"1,1"
MFII11,Rendimento,30/11/2020,14/12/2020,"1,1"
MFII11,Rendimento,30/12/2020,15/01/2021,"1,04"
MFII11,Rendimento,29/01/2021,12/02/2021,"1,01"
BBIM11,Rendimento,28/02/2020,13/03/2020,"0,68"
BBIM11,Rendimento,31/03/2020,15/04/2020,"0,63"
BBIM11,Rendimento,30/04/2020,15/05/2020,"0,54"
BBIM11,Rendimento,29/05/2020,15/06/2020,"0,38"
BBIM11,Rendimento,30/06/2020,14/07/2020,"0,37"
BBIM11,Rendimento,31/07/2020,14/08/2020,"0,45"
BBIM11,Rendimento,31/08/2020,15/09/2020,"0,55"
BBIM11,Rendimento,31/08/2020,25/09/2020,"12,21"
BBIM11,Rendimento,30/09/2020,15/10/2020,"0,55"
BBIM11,Rendimento,30/10/2020,16/11/2020,"0,48"
BBIM11,Rendimento,30/11/2020,14/12/2020,"0,48"
BBIM11,Rendimento,30/12/2020,15/01/2021,"0,47"
BBIM11,Rendimento,29/01/2021,12/02/2021,"0,33"
MFAI11,Rendimento,30/06/2020,14/07/2020,"16,0"
MFAI11,Rendimento,31/07/2020,14/08/2020,"3,5"
MFAI11,Rendimento,31/08/2020,15/09/2020,"1,11"
MFAI11,Rendimento,30/09/2020,15/10/2020,"0,59"
MFAI11,Rendimento,30/10/2020,16/11/2020,"1,46"
MFAI11,Rendimento,30/11/2020,14/12/2020,"2,01"
MFAI11,Rendimento,30/12/2020,15/01/2021,"1,44"
MFAI11,Rendimento,29/01/2021,12/02/2021,"0,72"
BBRC11,Rendimento,28/02/2020,13/03/2020,"0,92"
BBRC11,Rendimento,31/03/2020,15/04/2020,"0,92"
BBRC11,Rendimento,30/04/2020,15/05/2020,"0,92"
BBRC11,Rendimento,29/05/2020,15/06/2020,"0,94"
BBRC11,Rendimento,30/06/2020,14/07/2020,"1,12"
BBRC11,Rendimento,31/07/2020,14/08/2020,"1,12"
BBRC11,Rendimento,31/08/2020,15/09/2020,"0,94"
BBRC11,Rendimento,30/09/2020,15/10/2020,"0,94"
BBRC11,Rendimento,30/10/2020,16/11/2020,"0,94"
BBRC11,Rendimento,30/11/2020,14/12/2020,"0,94"
BBRC11,Rendimento,30/12/2020,15/01/2021,"0,94"
BBRC11,Rendimento,29/01/2021,12/02/2021,"0,94"
VPSI11,Rendimento,03/03/2020,11/03/2020,"0,09"
VPSI11,Rendimento,02/04/2020,13/04/2020,"0,07"
VPSI11,Rendimento,02/09/2020,11/09/2020,"0,04"
VPSI11,Rendimento,02/10/2020,13/10/2020,"0,08"
VPSI11,Rendimento,04/11/2020,12/11/2020,"0,1"
VPSI11,Rendimento,02/12/2020,10/12/2020,"0,08"
VPSI11,Rendimento,05/01/2021,13/01/2021,"0,11"
VPSI11,Rendimento,02/02/2021,10/02/2021,"0,12"
RDPD11,Rendimento,28/02/2020,13/03/2020,"0,35"
RDPD11,Rendimento,31/03/2020,15/04/2020,"0,4"
RDPD11,Rendimento,30/04/2020,15/05/2020,"0,34"
RDPD11,Rendimento,29/05/2020,15/06/2020,"0,34"
RDPD11,Rendimento,30/06/2020,14/07/2020,"0,59"
RDPD11,Rendimento,31/07/2020,14/08/2020,"0,31"
RDPD11,Rendimento,31/08/2020,15/09/2020,"0,31"
RDPD11,Rendimento,30/09/2020,15/10/2020,"0,31"
RDPD11,Rendimento,30/10/2020,16/11/2020,"0,31"
RDPD11,Rendimento,30/11/2020,14/12/2020,"0,31"
RDPD11,Rendimento,30/12/2020,15/01/2021,"0,57"
RDPD11,Rendimento,29/01/2021,12/02/2021,"0,32"
MORE11,Rendimento,14/04/2020,22/04/2020,"0,37"
MORE11,Rendimento,14/05/2020,21/05/2020,"0,37"
MORE11,Rendimento,12/06/2020,19/06/2020,"0,32"
MORE11,Rendimento,13/07/2020,20/07/2020,"0,6"
MORE11,Rendimento,13/08/2020,20/08/2020,"0,83"
MORE11,Rendimento,14/09/2020,21/09/2020,"0,9"
MORE11,Rendimento,14/10/2020,21/10/2020,"0,9"
MORE11,Rendimento,13/11/2020,20/11/2020,"0,9"
MORE11,Rendimento,11/12/2020,18/12/2020,"0,9"
MORE11,Rendimento,14/01/2021,21/01/2021,"1,0"
MORE11,Rendimento,11/02/2021,22/02/2021,"0,5"
FPAB11,Rendimento,28/02/2020,13/03/2020,"1,7"
FPAB11,Rendimento,31/03/2020,14/04/2020,"1,55"
FPAB11,Rendimento,30/04/2020,15/05/2020,"1,65"
FPAB11,Rendimento,29/05/2020,15/06/2020,"1,7"
FPAB11,Rendimento,30/06/2020,15/07/2020,"1,9"
FPAB11,Rendimento,31/07/2020,14/08/2020,"1,6"
FPAB11,Rendimento,31/08/2020,15/09/2020,"1,5"
FPAB11,Rendimento,30/09/2020,15/10/2020,"3,33"
FPAB11,Rendimento,30/10/2020,16/11/2020,"1,5"
FPAB11,Rendimento,30/11/2020,14/12/2020,"1,55"
FPAB11,Rendimento,30/12/2020,15/01/2021,"1,85"
FPAB11,Rendimento,29/01/2021,12/02/2021,"1,15"
RNDP11,Rendimento,28/02/2020,13/03/2020,"3,53"
RNDP11,Rendimento,31/03/2020,15/04/2020,"4,08"
RNDP11,Rendimento,30/04/2020,15/05/2020,"3,41"
RNDP11,Rendimento,29/05/2020,15/06/2020,"3,46"
RNDP11,Rendimento,30/06/2020,14/07/2020,"3,12"
RNDP11,Rendimento,31/07/2020,14/08/2020,"3,12"
RNDP11,Rendimento,31/08/2020,15/09/2020,"3,12"
RNDP11,Rendimento,30/09/2020,15/10/2020,"3,12"
RNDP11,Rendimento,23/09/2020,26/10/2020,"165,0"
RNDP11,Rendimento,30/10/2020,16/11/2020,"3,12"
RNDP11,Rendimento,30/11/2020,14/12/2020,"3,12"
RNDP11,Rendimento,30/12/2020,15/01/2021,"5,0"
RNDP11,Rendimento,29/01/2021,12/02/2021,"3,2"
RBRY11,Rendimento,10/03/2020,17/03/2020,"0,7"
RBRY11,Rendimento,09/04/2020,17/04/2020,"0,65"
RBRY11,Rendimento,12/05/2020,19/05/2020,"0,65"
RBRY11,Rendimento,09/06/2020,17/06/2020,"0,65"
RBRY11,Rendimento,09/07/2020,16/07/2020,"0,65"
RBRY11,Rendimento,07/08/2020,14/08/2020,"0,6"
RBRY11,Rendimento,10/09/2020,17/09/2020,"0,6"
RBRY11,Rendimento,09/10/2020,19/10/2020,"0,6"
RBRY11,Rendimento,11/11/2020,18/11/2020,"0,6"
RBRY11,Rendimento,09/12/2020,16/12/2020,"0,75"
RBRY11,Rendimento,12/01/2021,19/01/2021,"0,97"
RBRY11,Rendimento,05/02/2021,12/02/2021,"0,75"
BLCP11,Rendimento,13/07/2020,20/07/2020,"0,13"
BLCP11,Rendimento,14/10/2020,21/10/2020,"0,47"
BLCP11,Rendimento,13/11/2020,20/11/2020,"0,7"
BLCP11,Rendimento,11/12/2020,18/12/2020,"0,75"
BLCP11,Rendimento,14/01/2021,21/01/2021,"0,72"
BLCP11,Rendimento,11/02/2021,22/02/2021,"0,74"
RBRP11,Rendimento,06/03/2020,13/03/2020,"0,5"
RBRP11,Rendimento,07/04/2020,15/04/2020,"0,37"
RBRP11,Rendimento,08/05/2020,15/05/2020,"0,4"
RBRP11,Rendimento,05/06/2020,15/06/2020,"0,42"
RBRP11,Rendimento,07/07/2020,14/07/2020,"0,48"
RBRP11,Rendimento,07/08/2020,14/08/2020,"0,53"
RBRP11,Rendimento,08/09/2020,15/09/2020,"0,56"
RBRP11,Rendimento,07/10/2020,15/10/2020,"0,58"
RBRP11,Rendimento,09/11/2020,16/11/2020,"0,58"
RBRP11,Rendimento,07/12/2020,14/12/2020,"0,55"
RBRP11,Rendimento,08/01/2021,15/01/2021,"0,55"
RBRP11,Rendimento,05/02/2021,12/02/2021,"0,52"
DRIT11,Rendimento,05/03/2020,13/03/2020,"0,7"
DRIT11,Rendimento,07/04/2020,15/04/2020,"0,45"
DRIT11,Rendimento,07/05/2020,15/05/2020,"0,3"
DRIT11,Rendimento,04/06/2020,15/06/2020,"0,3"
DRIT11,Rendimento,06/07/2020,15/07/2020,"0,3"
DRIT11,Rendimento,06/08/2020,14/08/2020,"0,55"
DRIT11,Rendimento,04/09/2020,15/09/2020,"0,3"
DRIT11,Rendimento,06/10/2020,15/10/2020,"0,55"
DRIT11,Rendimento,05/11/2020,13/11/2020,"0,5"
DRIT11,Rendimento,07/12/2020,15/12/2020,"0,15"
DRIT11,Rendimento,07/01/2021,15/01/2021,"0,3"
DRIT11,Rendimento,04/02/2021,12/02/2021,"0,3"
BLMG11,Rendimento,07/12/2020,14/12/2020,"1,45"
BLMG11,Rendimento,08/01/2021,15/01/2021,"0,73"
BLMG11,Rendimento,05/02/2021,12/02/2021,"0,73"
RBED11,Rendimento,28/02/2020,13/03/2020,"1,0"
RBED11,Rendimento,31/03/2020,15/04/2020,"1,0"
RBED11,Rendimento,30/04/2020,15/05/2020,"1,0"
RBED11,Rendimento,29/05/2020,15/06/2020,"1,0"
RBED11,Rendimento,30/06/2020,15/07/2020,"1,0"
RBED11,Rendimento,31/07/2020,14/08/2020,"1,0"
RBED11,Rendimento,31/08/2020,15/09/2020,"1,0"
RBED11,Rendimento,30/09/2020,15/10/2020,"1,0"
RBED11,Rendimento,30/10/2020,13/11/2020,"1,01"
RBED11,Rendimento,30/11/2020,14/12/2020,"1,01"
RBED11,Rendimento,30/12/2020,15/01/2021,"1,01"
RBED11,Rendimento,29/01/2021,12/02/2021,"1,01"
RBVA11,Rendimento,28/02/2020,13/03/2020,"0,9"
RBVA11,Rendimento,31/03/2020,15/04/2020,"0,8"
RBVA11,Rendimento,30/04/2020,15/05/2020,"0,85"
RBVA11,Rendimento,29/05/2020,15/06/2020,"0,85"
RBVA11,Rendimento,30/06/2020,15/07/2020,"0,85"
RBVA11,Rendimento,31/07/2020,14/08/2020,"0,85"
RBVA11,Rendimento,31/08/2020,15/09/2020,"0,85"
RBVA11,Rendimento,30/09/2020,15/10/2020,"0,85"
RBVA11,Rendimento,30/10/2020,13/11/2020,"0,85"
RBVA11,Rendimento,30/11/2020,15/12/2020,"0,95"
RBVA11,Rendimento,30/12/2020,15/01/2021,"0,95"
RBVA11,Rendimento,29/01/2021,12/02/2021,"0,95"
NEWL11,Rendimento,28/02/2020,13/03/2020,"0,7"
NEWL11,Rendimento,31/03/2020,15/04/2020,"0,7"
NEWL11,Rendimento,30/06/2020,14/07/2020,"0,3"
NEWL11,Rendimento,31/07/2020,14/08/2020,"0,7"
NEWL11,Rendimento,31/08/2020,15/09/2020,"0,7"
NEWL11,Rendimento,30/09/2020,15/10/2020,"0,7"
NEWL11,Rendimento,30/10/2020,16/11/2020,"0,9"
NEWL11,Rendimento,30/11/2020,14/12/2020,"0,9"
NEWL11,Rendimento,30/12/2020,15/01/2021,"0,9"
NEWL11,Rendimento,29/01/2021,12/02/2021,"0,9"
BCIA11,Rendimento,31/01/2020,28/02/2020,"1,2"
BCIA11,Rendimento,28/02/2020,27/03/2020,"1,0"
BCIA11,Rendimento,31/03/2020,30/04/2020,"0,75"
BCIA11,Rendimento,30/04/2020,29/05/2020,"0,75"
BCIA11,Rendimento,29/05/2020,29/06/2020,"0,75"
BCIA11,Rendimento,30/06/2020,28/07/2020,"0,75"
BCIA11,Rendimento,31/07/2020,28/08/2020,"0,75"
BCIA11,Rendimento,31/08/2020,29/09/2020,"0,75"
BCIA11,Rendimento,30/09/2020,29/10/2020,"0,6"
BCIA11,Rendimento,30/10/2020,30/11/2020,"0,6"
BCIA11,Rendimento,30/11/2020,29/12/2020,"0,6"
BCIA11,Rendimento,30/12/2020,29/01/2021,"0,72"
RNGO11,Rendimento,28/02/2020,13/03/2020,"0,47"
RNGO11,Rendimento,31/03/2020,15/04/2020,"0,42"
RNGO11,Rendimento,30/04/2020,15/05/2020,"0,42"
RNGO11,Rendimento,29/05/2020,15/06/2020,"0,42"
RNGO11,Rendimento,30/06/2020,15/07/2020,"0,52"
RNGO11,Rendimento,31/07/2020,14/08/2020,"0,42"
RNGO11,Rendimento,31/08/2020,15/09/2020,"0,42"
RNGO11,Rendimento,30/09/2020,15/10/2020,"0,42"
RNGO11,Rendimento,30/10/2020,16/11/2020,"0,42"
RNGO11,Rendimento,30/11/2020,14/12/2020,"0,42"
RNGO11,Rendimento,30/12/2020,15/01/2021,"0,56"
RNGO11,Rendimento,29/01/2021,12/02/2021,"0,39"
NEWU11,Rendimento,18/06/2020,24/06/2020,"20,22"
NEWU11,Rendimento,11/08/2020,18/08/2020,"0,11"
BREV11,Rendimento,05/03/2020,13/03/2020,"0,48"
BREV11,Rendimento,06/04/2020,15/04/2020,"0,43"
BREV11,Rendimento,07/05/2020,15/05/2020,"0,33"
BREV11,Rendimento,04/06/2020,15/06/2020,"0,36"
BREV11,Rendimento,06/07/2020,15/07/2020,"0,29"
BREV11,Rendimento,06/08/2020,14/08/2020,"0,24"
BREV11,Rendimento,04/09/2020,15/09/2020,"0,31"
BREV11,Rendimento,06/10/2020,15/10/2020,"0,37"
BREV11,Rendimento,06/11/2020,16/11/2020,"0,37"
BREV11,Rendimento,04/12/2020,14/12/2020,"0,45"
BREV11,Rendimento,07/01/2021,15/01/2021,"0,48"
BREV11,Rendimento,04/02/2021,12/02/2021,"0,29"
SFND11,Rendimento,05/03/2020,13/03/2020,"0,67"
SFND11,Rendimento,07/04/2020,15/04/2020,"0,76"
SFND11,Rendimento,07/05/2020,15/05/2020,"0,76"
SFND11,Rendimento,04/06/2020,15/06/2020,"0,8"
SFND11,Rendimento,06/07/2020,15/07/2020,"0,7"
SFND11,Rendimento,06/08/2020,14/08/2020,"0,7"
SFND11,Rendimento,04/09/2020,15/09/2020,"0,7"
SFND11,Rendimento,06/10/2020,15/10/2020,"79,19"
SFND11,Rendimento,07/12/2020,15/12/2020,"5,51"
NVIF11,Rendimento,28/02/2020,13/03/2020,"0,89"
NVIF11,Rendimento,31/03/2020,15/04/2020,"0,89"
NVIF11,Rendimento,30/04/2020,15/05/2020,"0,89"
NVIF11,Rendimento,29/05/2020,15/06/2020,"0,89"
NVIF11,Rendimento,30/06/2020,14/07/2020,"0,89"
NVIF11,Rendimento,31/07/2020,14/08/2020,"0,89"
NVIF11,Rendimento,31/08/2020,15/09/2020,"0,3"
NVIF11,Rendimento,30/09/2020,15/10/2020,"0,89"
NVIF11,Rendimento,30/10/2020,16/11/2020,"0,3"
NVIF11,Rendimento,30/11/2020,14/12/2020,"0,15"
NVIF11,Rendimento,30/12/2020,15/01/2021,"0,15"
NVIF11,Rendimento,29/01/2021,12/02/2021,"0,3"
FISC11,Rendimento,27/01/2021,04/02/2021,"0,32"
FTCE11,Rendimento,14/12/2020,21/12/2020,"29,39"
CARE11,Rendimento,06/07/2020,14/07/2020,"0,01"
CARE11,Rendimento,06/08/2020,14/08/2020,"0,0"
CARE11,Rendimento,06/10/2020,14/10/2020,"0,0"
SCPF11,Rendimento,05/03/2020,13/03/2020,"0,05"
SCPF11,Rendimento,06/04/2020,15/04/2020,"0,04"
SCPF11,Rendimento,07/05/2020,15/05/2020,"0,02"
SCPF11,Rendimento,06/10/2020,15/10/2020,"0,01"
SCPF11,Rendimento,06/11/2020,16/11/2020,"0,02"
SCPF11,Rendimento,04/12/2020,14/12/2020,"0,03"
SCPF11,Rendimento,07/01/2021,15/01/2021,"0,04"
SCPF11,Rendimento,04/02/2021,12/02/2021,"0,05"
OUJP11,Rendimento,28/02/2020,13/03/2020,"0,84"
OUJP11,Rendimento,31/03/2020,15/04/2020,"0,6"
OUJP11,Rendimento,30/04/2020,15/05/2020,"0,63"
OUJP11,Rendimento,29/05/2020,15/06/2020,"0,63"
OUJP11,Rendimento,30/06/2020,14/07/2020,"0,63"
OUJP11,Rendimento,31/07/2020,14/08/2020,"0,5"
OUJP11,Rendimento,31/08/2020,15/09/2020,"0,46"
OUJP11,Rendimento,30/09/2020,15/10/2020,"0,44"
OUJP11,Rendimento,30/10/2020,16/11/2020,"0,6"
OUJP11,Rendimento,30/11/2020,14/12/2020,"0,67"
OUJP11,Rendimento,30/12/2020,15/01/2021,"1,16"
OUJP11,Rendimento,29/01/2021,12/02/2021,"0,7"
BRCO11,Rendimento,28/02/2020,06/03/2020,"0,55"
BRCO11,Rendimento,31/03/2020,07/04/2020,"0,55"
BRCO11,Rendimento,30/04/2020,08/05/2020,"0,57"
BRCO11,Rendimento,29/05/2020,05/06/2020,"0,56"
BRCO11,Rendimento,30/06/2020,07/07/2020,"0,56"
BRCO11,Rendimento,31/07/2020,07/08/2020,"0,55"
BRCO11,Rendimento,31/08/2020,08/09/2020,"0,55"
BRCO11,Rendimento,30/09/2020,07/10/2020,"0,55"
BRCO11,Rendimento,30/10/2020,09/11/2020,"0,55"
BRCO11,Rendimento,30/11/2020,07/12/2020,"0,55"
BRCO11,Rendimento,30/12/2020,08/01/2021,"0,55"
BRCO11,Rendimento,29/01/2021,05/02/2021,"0,55"
SDIL11,Rendimento,28/02/2020,13/03/2020,"0,52"
SDIL11,Rendimento,31/03/2020,15/04/2020,"0,46"
SDIL11,Rendimento,30/04/2020,15/05/2020,"0,46"
SDIL11,Rendimento,29/05/2020,15/06/2020,"0,44"
SDIL11,Rendimento,30/06/2020,15/07/2020,"0,44"
SDIL11,Rendimento,31/07/2020,14/08/2020,"0,5"
SDIL11,Rendimento,31/08/2020,15/09/2020,"0,55"
SDIL11,Rendimento,30/09/2020,15/10/2020,"0,55"
SDIL11,Rendimento,30/10/2020,13/11/2020,"0,59"
SDIL11,Rendimento,30/11/2020,15/12/2020,"0,6"
SDIL11,Rendimento,30/12/2020,15/01/2021,"0,6"
SDIL11,Rendimento,29/01/2021,12/02/2021,"0,6"
SHPH11,Rendimento,28/02/2020,13/03/2020,"3,6"
SHPH11,Rendimento,30/06/2020,15/07/2020,"2,55"
SHPH11,Rendimento,31/07/2020,14/08/2020,"2,0"
SHPH11,Rendimento,31/08/2020,15/09/2020,"1,85"
SHPH11,Rendimento,30/09/2020,15/10/2020,"1,08"
SHPH11,Rendimento,30/10/2020,13/11/2020,"2,44"
SHPH11,Rendimento,30/11/2020,15/12/2020,"3,3"
SHPH11,Rendimento,30/12/2020,15/01/2021,"4,74"
SHPH11,Rendimento,29/01/2021,12/02/2021,"4,32"
BRIM11,Rendimento,22/12/2020,30/12/2020,"68,47"
TGAR11,Rendimento,28/02/2020,09/03/2020,"0,7"
TGAR11,Rendimento,31/03/2020,08/04/2020,"0,82"
TGAR11,Rendimento,30/04/2020,11/05/2020,"0,8"
TGAR11,Rendimento,29/05/2020,08/06/2020,"1,25"
TGAR11,Rendimento,30/06/2020,08/07/2020,"1,23"
TGAR11,Rendimento,31/07/2020,10/08/2020,"1,14"
TGAR11,Rendimento,31/08/2020,08/09/2020,"1,09"
TGAR11,Rendimento,30/09/2020,08/10/2020,"1,0"
TGAR11,Rendimento,30/10/2020,10/11/2020,"1,1"
TGAR11,Rendimento,30/11/2020,08/12/2020,"1,12"
TGAR11,Rendimento,30/12/2020,11/01/2021,"1,36"
TGAR11,Rendimento,29/01/2021,08/02/2021,"1,2"
BTLG11,Rendimento,13/03/2020,25/03/2020,"0,6"
BTLG11,Rendimento,15/04/2020,24/04/2020,"0,5"
BTLG11,Rendimento,15/05/2020,25/05/2020,"0,5"
BTLG11,Rendimento,15/06/2020,25/06/2020,"0,5"
BTLG11,Rendimento,15/07/2020,24/07/2020,"0,5"
BTLG11,Rendimento,14/08/2020,25/08/2020,"0,5"
BTLG11,Rendimento,15/09/2020,25/09/2020,"0,33"
BTLG11,Rendimento,15/10/2020,23/10/2020,"0,6"
BTLG11,Rendimento,13/11/2020,25/11/2020,"0,6"
BTLG11,Rendimento,04/12/2020,11/12/2020,"0,6"
BTLG11,Rendimento,15/01/2021,22/01/2021,"0,6"
BTLG11,Rendimento,12/02/2021,25/02/2021,"0,6"
ONEF11,Rendimento,05/03/2020,13/03/2020,"0,62"
ONEF11,Rendimento,07/04/2020,15/04/2020,"0,62"
ONEF11,Rendimento,07/05/2020,15/05/2020,"0,62"
ONEF11,Rendimento,04/06/2020,15/06/2020,"0,62"
ONEF11,Rendimento,06/07/2020,15/07/2020,"0,62"
ONEF11,Rendimento,06/08/2020,14/08/2020,"0,63"
ONEF11,Rendimento,04/09/2020,15/09/2020,"0,63"
ONEF11,Rendimento,06/10/2020,15/10/2020,"0,63"
ONEF11,Rendimento,05/11/2020,13/11/2020,"0,64"
ONEF11,Rendimento,07/12/2020,15/12/2020,"0,64"
ONEF11,Rendimento,07/01/2021,15/01/2021,"0,64"
ONEF11,Rendimento,04/02/2021,12/02/2021,"0,64"
PQAG11,Rendimento,31/07/2020,14/08/2020,"3,53"
PQAG11,Rendimento,31/08/2020,15/09/2020,"3,46"
PQAG11,Rendimento,30/09/2020,15/10/2020,"3,53"
PQAG11,Rendimento,30/10/2020,16/11/2020,"3,5"
PQAG11,Rendimento,30/11/2020,14/12/2020,"0,35"
PQAG11,Rendimento,30/12/2020,15/01/2021,"0,35"
PQAG11,Rendimento,29/01/2021,12/02/2021,"0,35"
PATC11,Rendimento,28/02/2020,09/03/2020,"0,3"
PATC11,Rendimento,31/03/2020,08/04/2020,"0,3"
PATC11,Rendimento,30/04/2020,11/05/2020,"0,3"
PATC11,Rendimento,29/05/2020,08/06/2020,"0,22"
PATC11,Rendimento,30/06/2020,08/07/2020,"0,27"
PATC11,Rendimento,31/07/2020,10/08/2020,"0,27"
PATC11,Rendimento,31/08/2020,08/09/2020,"0,29"
PATC11,Rendimento,30/09/2020,08/10/2020,"0,29"
PATC11,Rendimento,30/10/2020,10/11/2020,"0,3"
PATC11,Rendimento,30/11/2020,08/12/2020,"0,3"
PATC11,Rendimento,30/12/2020,11/01/2021,"0,31"
PATC11,Rendimento,29/01/2021,08/02/2021,"0,3"
TOUR11,Rendimento,02/03/2020,13/03/2020,"0,13"
TOUR11,Rendimento,02/03/2020,13/03/2020,"1,23"
TOUR11,Rendimento,30/06/2020,15/07/2020,"0,69"
TOUR11,Rendimento,31/07/2020,14/08/2020,"2,33"
TOUR11,Rendimento,30/12/2020,15/01/2021,"2,75"
TOUR11,Rendimento,29/01/2021,12/02/2021,"2,59"
CRFF11,Rendimento,02/03/2020,11/03/2020,"0,7"
CRFF11,Rendimento,01/04/2020,13/04/2020,"0,3"
CRFF11,Rendimento,04/05/2020,13/05/2020,"0,3"
CRFF11,Rendimento,01/06/2020,10/06/2020,"0,4"
CRFF11,Rendimento,01/07/2020,10/07/2020,"0,51"
CRFF11,Rendimento,03/08/2020,12/08/2020,"0,42"
CRFF11,Rendimento,01/09/2020,11/09/2020,"0,42"
CRFF11,Rendimento,01/10/2020,13/10/2020,"0,42"
CRFF11,Rendimento,03/11/2020,12/11/2020,"0,42"
CRFF11,Rendimento,01/12/2020,10/12/2020,"0,42"
CRFF11,Rendimento,04/01/2021,13/01/2021,"0,42"
CRFF11,Rendimento,01/02/2021,10/02/2021,"0,45"
VERE11,Rendimento,28/02/2020,10/03/2020,"1,7"
VERE11,Rendimento,31/03/2020,09/04/2020,"1,45"
VERE11,Rendimento,30/04/2020,08/05/2020,"1,19"
VERE11,Rendimento,29/05/2020,10/06/2020,"1,19"
VERE11,Rendimento,30/06/2020,10/07/2020,"1,19"
VERE11,Rendimento,31/07/2020,10/08/2020,"1,19"
VERE11,Rendimento,31/08/2020,10/09/2020,"1,19"
VERE11,Rendimento,30/09/2020,09/10/2020,"1,19"
VERE11,Rendimento,30/10/2020,10/11/2020,"1,7"
VERE11,Rendimento,30/11/2020,10/12/2020,"1,7"
VERE11,Rendimento,30/12/2020,08/01/2021,"1,7"
VERE11,Rendimento,29/01/2021,05/02/2021,"1,7"
PATL11,Rendimento,31/08/2020,09/09/2020,"0,08"
PATL11,Rendimento,30/09/2020,08/10/2020,"0,49"
PATL11,Rendimento,30/10/2020,10/11/2020,"0,52"
PATL11,Rendimento,30/11/2020,08/12/2020,"0,53"
PATL11,Rendimento,30/12/2020,11/01/2021,"0,54"
PATL11,Rendimento,29/01/2021,08/02/2021,"0,55"
PRSN11,Rendimento,07/07/2020,15/07/2020,"0,03"
PRSN11,Rendimento,08/01/2021,15/01/2021,"0,02"
PRSN11,Rendimento,08/01/2021,15/01/2021,"0,02"
CXRI11,Rendimento,02/03/2020,11/03/2020,"8,5"
CXRI11,Rendimento,01/04/2020,13/04/2020,"8,5"
CXRI11,Rendimento,04/05/2020,13/05/2020,"8,5"
CXRI11,Rendimento,01/06/2020,10/06/2020,"10,0"
CXRI11,Rendimento,01/07/2020,10/07/2020,"22,14"
CXRI11,Rendimento,03/08/2020,12/08/2020,"7,0"
CXRI11,Rendimento,01/09/2020,11/09/2020,"7,0"
CXRI11,Rendimento,01/10/2020,13/10/2020,"0,7"
CXRI11,Rendimento,03/11/2020,12/11/2020,"0,7"
CXRI11,Rendimento,01/12/2020,10/12/2020,"0,7"
CXRI11,Rendimento,04/01/2021,13/01/2021,"0,7"
CXRI11,Rendimento,01/02/2021,10/02/2021,"0,6"
FVPQ11,Rendimento,28/02/2020,09/03/2020,"0,87"
FVPQ11,Rendimento,30/06/2020,08/07/2020,"0,77"
FVPQ11,Rendimento,31/07/2020,10/08/2020,"0,08"
FVPQ11,Rendimento,30/12/2020,11/01/2021,"0,46"
FVPQ11,Rendimento,29/01/2021,08/02/2021,"0,53"
CPFF11,Rendimento,06/03/2020,17/03/2020,"0,58"
CPFF11,Rendimento,08/04/2020,16/04/2020,"0,3"
CPFF11,Rendimento,08/05/2020,19/05/2020,"0,3"
CPFF11,Rendimento,09/06/2020,17/06/2020,"0,35"
CPFF11,Rendimento,08/07/2020,16/07/2020,"0,4"
CPFF11,Rendimento,10/08/2020,18/08/2020,"0,45"
CPFF11,Rendimento,09/09/2020,17/09/2020,"0,5"
CPFF11,Rendimento,08/10/2020,19/10/2020,"0,55"
CPFF11,Rendimento,10/11/2020,18/11/2020,"0,6"
CPFF11,Rendimento,08/12/2020,16/12/2020,"0,65"
CPFF11,Rendimento,11/01/2021,19/01/2021,"0,96"
CPFF11,Rendimento,08/02/2021,18/02/2021,"0,8"
PLRI11,Rendimento,28/02/2020,06/03/2020,"1,05"
PLRI11,Rendimento,28/02/2020,06/03/2020,"0,11"
PLRI11,Rendimento,31/03/2020,07/04/2020,"0,17"
PLRI11,Rendimento,31/03/2020,07/04/2020,"0,57"
PLRI11,Rendimento,30/04/2020,08/05/2020,"0,29"
PLRI11,Rendimento,30/04/2020,08/05/2020,"0,91"
PLRI11,Rendimento,29/05/2020,05/06/2020,"0,63"
PLRI11,Rendimento,29/05/2020,05/06/2020,"0,23"
PLRI11,Rendimento,30/06/2020,07/07/2020,"0,35"
PLRI11,Rendimento,30/06/2020,07/07/2020,"0,2"
PLRI11,Rendimento,31/07/2020,07/08/2020,"1,04"
PLRI11,Rendimento,31/07/2020,07/08/2020,"0,21"
PLRI11,Rendimento,31/08/2020,08/09/2020,"0,79"
PLRI11,Rendimento,31/08/2020,08/09/2020,"0,19"
PLRI11,Rendimento,30/09/2020,07/10/2020,"1,05"
PLRI11,Rendimento,30/09/2020,07/10/2020,"0,22"
PLRI11,Rendimento,30/10/2020,09/11/2020,"1,22"
PLRI11,Rendimento,30/10/2020,09/11/2020,"0,29"
PLRI11,Rendimento,30/11/2020,07/12/2020,"0,21"
PLRI11,Rendimento,30/11/2020,07/12/2020,"0,89"
PLRI11,Rendimento,30/12/2020,08/01/2021,"1,27"
PLRI11,Rendimento,30/12/2020,08/01/2021,"0,29"
PLRI11,Rendimento,29/01/2021,05/02/2021,"0,24"
PLRI11,Rendimento,29/01/2021,05/02/2021,"1,05"
CPTS11,Rendimento,13/03/2020,20/03/2020,"0,65"
CPTS11,Rendimento,15/04/2020,23/04/2020,"0,65"
CPTS11,Rendimento,15/05/2020,22/05/2020,"0,65"
CPTS11,Rendimento,15/06/2020,22/06/2020,"0,65"
CPTS11,Rendimento,14/07/2020,21/07/2020,"0,67"
CPTS11,Rendimento,12/08/2020,19/08/2020,"0,72"
CPTS11,Rendimento,11/09/2020,18/09/2020,"0,75"
CPTS11,Rendimento,13/10/2020,20/10/2020,"0,72"
CPTS11,Rendimento,10/11/2020,17/11/2020,"0,9"
CPTS11,Rendimento,10/12/2020,17/12/2020,"1,05"
CPTS11,Rendimento,13/01/2021,20/01/2021,"1,0"
CPTS11,Rendimento,10/02/2021,19/02/2021,"1,05"
VTLT11,Rendimento,28/02/2020,09/03/2020,"0,72"
VTLT11,Rendimento,31/03/2020,08/04/2020,"0,72"
VTLT11,Rendimento,30/04/2020,11/05/2020,"0,72"
VTLT11,Rendimento,29/05/2020,08/06/2020,"0,72"
VTLT11,Rendimento,31/07/2020,10/08/2020,"0,72"
VTLT11,Rendimento,31/08/2020,09/09/2020,"0,72"
VTLT11,Rendimento,30/09/2020,08/10/2020,"0,72"
VTLT11,Rendimento,30/10/2020,10/11/2020,"0,72"
VTLT11,Rendimento,30/11/2020,08/12/2020,"0,72"
VTLT11,Rendimento,30/12/2020,11/01/2021,"0,72"
VTLT11,Rendimento,29/01/2021,08/02/2021,"0,75"
CBOP11,Rendimento,28/02/2020,13/03/2020,"0,49"
CBOP11,Rendimento,31/03/2020,15/04/2020,"0,4"
CBOP11,Rendimento,30/04/2020,15/05/2020,"0,4"
CBOP11,Rendimento,29/05/2020,12/06/2020,"0,4"
CBOP11,Rendimento,30/06/2020,14/07/2020,"0,35"
CBOP11,Rendimento,31/07/2020,14/08/2020,"0,49"
CBOP11,Rendimento,31/08/2020,15/09/2020,"0,49"
CBOP11,Rendimento,30/09/2020,15/10/2020,"0,49"
CBOP11,Rendimento,30/10/2020,16/11/2020,"0,49"
CBOP11,Rendimento,30/11/2020,14/12/2020,"0,49"
CBOP11,Rendimento,30/12/2020,15/01/2021,"0,89"
CBOP11,Rendimento,29/01/2021,12/02/2021,"0,49"
VSEC11,Rendimento,30/04/2020,15/05/2020,"0,41"
VSEC11,Rendimento,29/05/2020,15/06/2020,"0,35"
VSEC11,Rendimento,30/06/2020,14/07/2020,"0,32"
VSEC11,Rendimento,31/07/2020,14/08/2020,"0,32"
VSEC11,Rendimento,31/08/2020,15/09/2020,"0,3"
VSEC11,Rendimento,30/09/2020,15/10/2020,"0,3"
VSEC11,Rendimento,30/10/2020,16/11/2020,"0,3"
VSEC11,Rendimento,30/11/2020,14/12/2020,"0,3"
VSEC11,Rendimento,30/12/2020,15/01/2021,"0,35"
VSEC11,Rendimento,29/01/2021,12/02/2021,"0,35"
PORD11,Rendimento,28/02/2020,06/03/2020,"0,61"
PORD11,Rendimento,31/03/2020,07/04/2020,"0,96"
PORD11,Rendimento,30/04/2020,08/05/2020,"0,44"
PORD11,Rendimento,29/05/2020,05/06/2020,"0,5"
PORD11,Rendimento,30/06/2020,07/07/2020,"1,0"
PORD11,Rendimento,31/07/2020,07/08/2020,"0,72"
PORD11,Rendimento,31/08/2020,08/09/2020,"0,66"
PORD11,Rendimento,30/09/2020,07/10/2020,"0,82"
PORD11,Rendimento,30/10/2020,09/11/2020,"0,8"
PORD11,Rendimento,30/11/2020,07/12/2020,"0,81"
PORD11,Rendimento,30/12/2020,08/01/2021,"1,03"
PORD11,Rendimento,29/01/2021,05/02/2021,"0,81"
VSHO11,Rendimento,28/02/2020,09/03/2020,"0,7"
VSHO11,Rendimento,30/10/2020,10/11/2020,"0,28"
VSHO11,Rendimento,30/11/2020,08/12/2020,"0,12"
VSHO11,Rendimento,30/12/2020,11/01/2021,"0,16"
VSHO11,Rendimento,29/01/2021,08/02/2021,"0,1"
PRSV11,Rendimento,11/03/2020,20/03/2020,"2,2"
PRSV11,Rendimento,13/04/2020,23/04/2020,"1,9"
PRSV11,Rendimento,13/05/2020,22/05/2020,"2,2"
PRSV11,Rendimento,10/06/2020,22/06/2020,"2,25"
PRSV11,Rendimento,31/07/2020,14/08/2020,"2,02"
PRSV11,Rendimento,31/08/2020,15/09/2020,"1,92"
PRSV11,Rendimento,30/09/2020,15/10/2020,"1,62"
PRSV11,Rendimento,29/10/2020,06/11/2020,"190,0"
PRSV11,Rendimento,29/10/2020,27/11/2020,"14,1"
PBLV11,Rendimento,23/07/2020,30/07/2020,"23,86"
PBLV11,Rendimento,21/01/2021,29/01/2021,"28,19"
IBFF11,Rendimento,10/03/2020,17/03/2020,"0,7"
IBFF11,Rendimento,09/04/2020,17/04/2020,"0,24"
IBFF11,Rendimento,12/05/2020,19/05/2020,"0,24"
IBFF11,Rendimento,09/06/2020,17/06/2020,"0,5"
IBFF11,Rendimento,09/07/2020,16/07/2020,"0,45"
IBFF11,Rendimento,11/08/2020,18/08/2020,"0,33"
IBFF11,Rendimento,10/09/2020,17/09/2020,"0,35"
IBFF11,Rendimento,09/10/2020,19/10/2020,"0,5"
IBFF11,Rendimento,11/11/2020,18/11/2020,"0,48"
IBFF11,Rendimento,09/12/2020,16/12/2020,"0,48"
IBFF11,Rendimento,12/01/2021,19/01/2021,"0,36"
IBFF11,Rendimento,09/02/2021,18/02/2021,"0,38"
HGFF11,Rendimento,28/02/2020,13/03/2020,"0,6"
HGFF11,Rendimento,31/03/2020,15/04/2020,"0,55"
HGFF11,Rendimento,30/04/2020,15/05/2020,"0,55"
HGFF11,Rendimento,29/05/2020,12/06/2020,"0,5"
HGFF11,Rendimento,30/06/2020,14/07/2020,"0,55"
HGFF11,Rendimento,31/07/2020,14/08/2020,"0,55"
HGFF11,Rendimento,31/08/2020,15/09/2020,"0,55"
HGFF11,Rendimento,30/09/2020,15/10/2020,"0,55"
HGFF11,Rendimento,30/10/2020,16/11/2020,"0,55"
HGFF11,Rendimento,30/11/2020,14/12/2020,"0,55"
HGFF11,Rendimento,30/12/2020,15/01/2021,"0,9"
HGFF11,Rendimento,29/01/2021,12/02/2021,"0,55"
PLCR11,Rendimento,28/02/2020,13/03/2020,"0,3"
PLCR11,Rendimento,31/03/2020,15/04/2020,"0,3"
PLCR11,Rendimento,30/04/2020,15/05/2020,"0,3"
PLCR11,Rendimento,29/05/2020,12/06/2020,"0,25"
PLCR11,Rendimento,30/06/2020,14/07/2020,"0,25"
PLCR11,Rendimento,31/07/2020,14/08/2020,"0,33"
PLCR11,Rendimento,31/08/2020,15/09/2020,"0,41"
PLCR11,Rendimento,30/09/2020,15/10/2020,"0,46"
PLCR11,Rendimento,30/10/2020,16/11/2020,"0,48"
PLCR11,Rendimento,30/11/2020,14/12/2020,"0,67"
PLCR11,Rendimento,30/12/2020,15/01/2021,"0,8"
PLCR11,Rendimento,29/01/2021,12/02/2021,"0,75"
QAGR11,Rendimento,06/03/2020,13/03/2020,"0,09"
QAGR11,Rendimento,07/04/2020,15/04/2020,"0,19"
QAGR11,Rendimento,08/05/2020,15/05/2020,"0,28"
QAGR11,Rendimento,05/06/2020,15/06/2020,"0,25"
QAGR11,Rendimento,07/07/2020,14/07/2020,"0,29"
QAGR11,Rendimento,07/08/2020,14/08/2020,"0,34"
QAGR11,Rendimento,08/09/2020,15/09/2020,"0,3"
QAGR11,Rendimento,07/10/2020,15/10/2020,"0,36"
QAGR11,Rendimento,09/11/2020,16/11/2020,"0,37"
QAGR11,Rendimento,07/12/2020,14/12/2020,"0,38"
QAGR11,Rendimento,08/01/2021,15/01/2021,"0,45"
QAGR11,Rendimento,05/02/2021,12/02/2021,"0,45"
QAGR11,Rendimento,10/02/2021,19/02/2021,"38,0"
HGLG11,Rendimento,28/02/2020,13/03/2020,"0,78"
HGLG11,Rendimento,31/03/2020,15/04/2020,"0,78"
HGLG11,Rendimento,30/04/2020,15/05/2020,"0,78"
HGLG11,Rendimento,29/05/2020,12/06/2020,"0,78"
HGLG11,Rendimento,30/06/2020,14/07/2020,"0,78"
HGLG11,Rendimento,31/07/2020,14/08/2020,"0,78"
HGLG11,Rendimento,31/08/2020,15/09/2020,"0,78"
HGLG11,Rendimento,30/09/2020,15/10/2020,"0,6"
HGLG11,Rendimento,30/10/2020,16/11/2020,"0,78"
HGLG11,Rendimento,30/11/2020,14/12/2020,"0,78"
HGLG11,Rendimento,30/12/2020,15/01/2021,"2,63"
HGLG11,Rendimento,29/01/2021,12/02/2021,"0,78"
QIFF11,Rendimento,29/01/2021,17/02/2021,"0,75"
RELG11,Rendimento,07/12/2020,14/12/2020,"0,41"
RELG11,Rendimento,08/01/2021,15/01/2021,"0,6"
RELG11,Rendimento,05/02/2021,12/02/2021,"0,63"
HGPO11,Rendimento,28/02/2020,13/03/2020,"0,89"
HGPO11,Rendimento,31/03/2020,15/04/2020,"0,89"
HGPO11,Rendimento,30/04/2020,15/05/2020,"0,89"
HGPO11,Rendimento,29/05/2020,12/06/2020,"0,89"
HGPO11,Rendimento,30/06/2020,14/07/2020,"0,89"
HGPO11,Rendimento,31/07/2020,14/08/2020,"0,94"
HGPO11,Rendimento,31/08/2020,15/09/2020,"0,94"
HGPO11,Rendimento,30/09/2020,15/10/2020,"0,94"
HGPO11,Rendimento,30/10/2020,16/11/2020,"0,94"
HGPO11,Rendimento,30/11/2020,14/12/2020,"0,94"
HGPO11,Rendimento,30/12/2020,15/01/2021,"0,98"
HGPO11,Rendimento,29/01/2021,12/02/2021,"1,01"
HGRE11,Rendimento,28/02/2020,13/03/2020,"0,74"
HGRE11,Rendimento,31/03/2020,15/04/2020,"0,65"
HGRE11,Rendimento,30/04/2020,15/05/2020,"0,57"
HGRE11,Rendimento,29/05/2020,12/06/2020,"0,57"
HGRE11,Rendimento,30/06/2020,14/07/2020,"0,57"
HGRE11,Rendimento,31/07/2020,14/08/2020,"0,65"
HGRE11,Rendimento,31/08/2020,15/09/2020,"0,65"
HGRE11,Rendimento,30/09/2020,15/10/2020,"0,65"
HGRE11,Rendimento,30/10/2020,16/11/2020,"0,65"
HGRE11,Rendimento,30/11/2020,14/12/2020,"0,65"
HGRE11,Rendimento,30/12/2020,15/01/2021,"0,97"
HGRE11,Rendimento,29/01/2021,12/02/2021,"0,67"
CVBI11,Rendimento,10/03/2020,17/03/2020,"0,73"
CVBI11,Rendimento,08/04/2020,16/04/2020,"0,6"
CVBI11,Rendimento,11/05/2020,18/05/2020,"0,55"
CVBI11,Rendimento,08/06/2020,16/06/2020,"0,5"
CVBI11,Rendimento,08/07/2020,15/07/2020,"0,63"
CVBI11,Rendimento,10/08/2020,17/08/2020,"0,6"
CVBI11,Rendimento,09/09/2020,16/09/2020,"0,67"
CVBI11,Rendimento,08/10/2020,16/10/2020,"0,75"
CVBI11,Rendimento,10/11/2020,17/11/2020,"1,0"
CVBI11,Rendimento,08/12/2020,15/12/2020,"1,5"
CVBI11,Rendimento,11/01/2021,18/01/2021,"1,95"
CVBI11,Rendimento,08/02/2021,17/02/2021,"1,24"
RBDS11,Rendimento,30/04/2020,12/05/2020,"3,95"
HGCR11,Rendimento,28/02/2020,13/03/2020,"0,6"
HGCR11,Rendimento,31/03/2020,15/04/2020,"0,6"
HGCR11,Rendimento,30/04/2020,15/05/2020,"0,6"
HGCR11,Rendimento,29/05/2020,12/06/2020,"0,56"
HGCR11,Rendimento,30/06/2020,14/07/2020,"0,48"
HGCR11,Rendimento,31/07/2020,14/08/2020,"0,48"
HGCR11,Rendimento,31/08/2020,15/09/2020,"0,48"
HGCR11,Rendimento,30/09/2020,15/10/2020,"0,48"
HGCR11,Rendimento,30/10/2020,16/11/2020,"0,52"
HGCR11,Rendimento,30/11/2020,14/12/2020,"0,52"
HGCR11,Rendimento,30/12/2020,15/01/2021,"0,73"
HGCR11,Rendimento,29/01/2021,12/02/2021,"0,62"
MCCI11,Rendimento,11/03/2020,18/03/2020,"0,85"
MCCI11,Rendimento,13/04/2020,20/04/2020,"0,5"
MCCI11,Rendimento,13/05/2020,20/05/2020,"0,6"
MCCI11,Rendimento,10/06/2020,18/06/2020,"0,6"
MCCI11,Rendimento,10/07/2020,17/07/2020,"0,55"
MCCI11,Rendimento,12/08/2020,19/08/2020,"0,6"
MCCI11,Rendimento,11/09/2020,18/09/2020,"0,6"
MCCI11,Rendimento,13/10/2020,20/10/2020,"0,6"
MCCI11,Rendimento,12/11/2020,19/11/2020,"0,6"
MCCI11,Rendimento,10/12/2020,17/12/2020,"0,6"
MCCI11,Rendimento,13/01/2021,20/01/2021,"0,6"
MCCI11,Rendimento,10/02/2021,19/02/2021,"0,7"
HGRU11,Rendimento,28/02/2020,13/03/2020,"0,68"
HGRU11,Rendimento,31/03/2020,15/04/2020,"0,68"
HGRU11,Rendimento,30/04/2020,15/05/2020,"0,68"
HGRU11,Rendimento,29/05/2020,12/06/2020,"0,68"
HGRU11,Rendimento,30/06/2020,14/07/2020,"0,68"
HGRU11,Rendimento,31/07/2020,14/08/2020,"0,68"
HGRU11,Rendimento,31/08/2020,15/09/2020,"0,68"
HGRU11,Rendimento,30/09/2020,15/10/2020,"0,68"
HGRU11,Rendimento,30/10/2020,16/11/2020,"0,68"
HGRU11,Rendimento,30/11/2020,14/12/2020,"0,68"
HGRU11,Rendimento,30/12/2020,15/01/2021,"0,72"
HGRU11,Rendimento,29/01/2021,12/02/2021,"0,68"
RBGS11,Rendimento,28/02/2020,13/03/2020,"0,53"
RBGS11,Rendimento,30/06/2020,14/07/2020,"0,05"
RBGS11,Rendimento,30/12/2020,15/01/2021,"0,43"
RBGS11,Rendimento,29/01/2021,12/02/2021,"0,4"
DLMT11,Rendimento,31/03/2020,15/04/2020,"0,01"
DLMT11,Rendimento,30/06/2020,14/07/2020,"0,01"
DLMT11,Rendimento,31/08/2020,15/09/2020,"0,02"
DLMT11,Rendimento,30/09/2020,15/10/2020,"0,01"
DLMT11,Rendimento,30/10/2020,13/11/2020,"0,01"
DLMT11,Rendimento,30/11/2020,15/12/2020,"0,01"
DLMT11,Rendimento,30/12/2020,15/01/2021,"0,01"
RBLG11,Rendimento,29/09/2020,30/09/2020,"0,6"
RBLG11,Rendimento,14/10/2020,15/10/2020,"0,58"
RBLG11,Rendimento,01/12/2020,08/12/2020,"0,49"
RBLG11,Rendimento,04/01/2021,11/01/2021,"0,32"
RBLG11,Rendimento,01/02/2021,08/02/2021,"0,33"
DEVA11,Rendimento,07/12/2020,14/12/2020,"2,68"
DEVA11,Rendimento,08/01/2021,15/01/2021,"2,51"
DEVA11,Rendimento,05/02/2021,12/02/2021,"1,95"
ARRI11,Rendimento,28/02/2020,06/03/2020,"0,28"
ARRI11,Rendimento,31/03/2020,07/04/2020,"0,63"
ARRI11,Rendimento,30/04/2020,08/05/2020,"0,44"
ARRI11,Rendimento,29/05/2020,05/06/2020,"0,32"
ARRI11,Rendimento,30/06/2020,07/07/2020,"0,37"
ARRI11,Rendimento,31/07/2020,07/08/2020,"0,49"
ARRI11,Rendimento,31/08/2020,08/09/2020,"0,59"
ARRI11,Rendimento,30/09/2020,07/10/2020,"0,53"
ARRI11,Rendimento,30/10/2020,09/11/2020,"0,81"
ARRI11,Rendimento,30/11/2020,07/12/2020,"0,8"
ARRI11,Rendimento,30/12/2020,08/01/2021,"0,8"
ARRI11,Rendimento,29/01/2021,05/02/2021,"1,19"
RBCO11,Rendimento,28/02/2020,13/03/2020,"0,88"
RBCO11,Rendimento,31/03/2020,14/04/2020,"0,03"
RBCO11,Rendimento,19/03/2020,15/04/2020,"0,64"
RBCO11,Rendimento,30/04/2020,15/05/2020,"0,47"
RBCO11,Rendimento,29/05/2020,12/06/2020,"0,37"
RBCO11,Rendimento,30/06/2020,14/07/2020,"0,4"
RBCO11,Rendimento,31/07/2020,14/08/2020,"0,35"
RBCO11,Rendimento,31/08/2020,15/09/2020,"0,4"
RBCO11,Rendimento,30/09/2020,15/10/2020,"0,55"
RBCO11,Rendimento,30/10/2020,16/11/2020,"0,56"
RBCO11,Rendimento,30/11/2020,14/12/2020,"0,55"
RBCO11,Rendimento,30/12/2020,15/01/2021,"0,55"
RBCO11,Rendimento,29/01/2021,12/02/2021,"0,55"
RRCI11,Rendimento,30/12/2020,15/01/2021,"0,51"
RRCI11,Rendimento,29/01/2021,12/02/2021,"0,54"
DOVL11,Rendimento,13/03/2020,23/03/2020,"1,3"
DOVL11,Rendimento,13/04/2020,22/04/2020,"3,11"
DOVL11,Rendimento,14/05/2020,22/05/2020,"0,67"
DOVL11,Rendimento,12/06/2020,22/06/2020,"0,67"
DOVL11,Rendimento,14/07/2020,21/07/2020,"17,29"
DOVL11,Rendimento,12/08/2020,20/08/2020,"8,72"
FIIP11,Rendimento,28/02/2020,13/03/2020,"0,86"
FIIP11,Rendimento,31/03/2020,15/04/2020,"1,33"
FIIP11,Rendimento,30/04/2020,15/05/2020,"0,53"
FIIP11,Rendimento,29/05/2020,15/06/2020,"1,16"
FIIP11,Rendimento,30/06/2020,14/07/2020,"10,8"
FIIP11,Rendimento,31/07/2020,14/08/2020,"0,57"
FIIP11,Rendimento,31/08/2020,15/09/2020,"0,79"
FIIP11,Rendimento,30/09/2020,15/10/2020,"0,87"
FIIP11,Rendimento,30/10/2020,16/11/2020,"0,55"
FIIP11,Rendimento,30/11/2020,14/12/2020,"0,67"
FIIP11,Rendimento,30/12/2020,15/01/2021,"1,1"
FIIP11,Rendimento,29/01/2021,12/02/2021,"1,16"
HOSI11,Rendimento,30/09/2020,07/10/2020,"0,57"
HOSI11,Rendimento,30/10/2020,09/11/2020,"0,57"
HOSI11,Rendimento,30/11/2020,08/12/2020,"0,51"
HOSI11,Rendimento,30/12/2020,08/01/2021,"0,54"
HOSI11,Rendimento,29/01/2021,05/02/2021,"0,56"
RBRD11,Rendimento,28/02/2020,13/03/2020,"0,56"
RBRD11,Rendimento,31/03/2020,15/04/2020,"0,99"
RBRD11,Rendimento,30/04/2020,15/05/2020,"0,06"
RBRD11,Rendimento,29/05/2020,15/06/2020,"1,05"
RBRD11,Rendimento,30/06/2020,14/07/2020,"15,41"
RBRD11,Rendimento,31/07/2020,14/08/2020,"0,04"
RBRD11,Rendimento,31/08/2020,15/09/2020,"0,04"
RBRD11,Rendimento,30/09/2020,15/10/2020,"0,06"
RBRD11,Rendimento,30/10/2020,16/11/2020,"3,32"
RBRD11,Rendimento,30/11/2020,14/12/2020,"0,05"
RBRD11,Rendimento,30/12/2020,15/01/2021,"0,07"
RBRD11,Rendimento,29/01/2021,12/02/2021,"0,05"
MGHT11,Rendimento,13/04/2020,20/04/2020,"0,11"
MGHT11,Rendimento,13/05/2020,20/05/2020,"0,49"
MGHT11,Rendimento,10/06/2020,18/06/2020,"0,33"
MGHT11,Rendimento,10/07/2020,17/07/2020,"1,13"
MGHT11,Rendimento,12/08/2020,19/08/2020,"0,6"
MGHT11,Rendimento,11/09/2020,18/09/2020,"0,6"
MGHT11,Rendimento,13/10/2020,20/10/2020,"0,6"
MGHT11,Rendimento,12/11/2020,19/11/2020,"0,31"
MGHT11,Rendimento,10/12/2020,17/12/2020,"0,6"
MGHT11,Rendimento,13/01/2021,20/01/2021,"0,57"
MGHT11,Rendimento,10/02/2021,19/02/2021,"0,65"
ERCR11,Rendimento,21/01/2021,29/01/2021,"6484,51"
ERCR11,Rendimento,21/01/2021,29/01/2021,"630,69"
RCRI11,Rendimento,30/06/2020,14/07/2020,"13,45"
RCRI11,Rendimento,30/12/2020,15/01/2021,"18,36"
PVBI11,Rendimento,30/09/2020,07/10/2020,"0,45"
PVBI11,Rendimento,30/10/2020,09/11/2020,"0,48"
PVBI11,Rendimento,30/11/2020,07/12/2020,"0,47"
PVBI11,Rendimento,30/12/2020,08/01/2021,"0,47"
PVBI11,Rendimento,29/01/2021,05/02/2021,"0,49"
MGCR11,Rendimento,13/11/2020,20/11/2020,"0,14"
MGCR11,Rendimento,11/12/2020,18/12/2020,"0,65"
MGCR11,Rendimento,14/01/2021,21/01/2021,"0,66"
MGCR11,Rendimento,11/02/2021,22/02/2021,"0,7"
KINP11,Rendimento,30/06/2020,14/07/2020,"0,67"
KINP11,Rendimento,30/06/2020,14/07/2020,"0,12"
KINP11,Rendimento,30/12/2020,15/01/2021,"0,47"
KINP11,Rendimento,30/12/2020,15/01/2021,"0,37"
RBRF11,Rendimento,10/03/2020,17/03/2020,"0,7"
RBRF11,Rendimento,09/04/2020,17/04/2020,"0,6"
RBRF11,Rendimento,12/05/2020,19/05/2020,"0,6"
RBRF11,Rendimento,09/06/2020,17/06/2020,"0,6"
RBRF11,Rendimento,09/07/2020,16/07/2020,"0,6"
RBRF11,Rendimento,11/08/2020,18/08/2020,"0,43"
RBRF11,Rendimento,10/09/2020,17/09/2020,"0,6"
RBRF11,Rendimento,09/10/2020,19/10/2020,"0,75"
RBRF11,Rendimento,11/11/2020,18/11/2020,"0,75"
RBRF11,Rendimento,09/12/2020,16/12/2020,"0,75"
RBRF11,Rendimento,12/01/2021,19/01/2021,"0,86"
RBRF11,Rendimento,09/02/2021,18/02/2021,"0,6"
FLCR11,Rendimento,05/02/2021,12/02/2021,"0,85"
RCFF11,Rendimento,13/07/2020,21/07/2020,"1,92"
RCFF11,Rendimento,14/01/2021,22/01/2021,"3,11"
RFOF11,Rendimento,31/03/2020,14/04/2020,"0,18"
RFOF11,Rendimento,30/04/2020,15/05/2020,"0,23"
RFOF11,Rendimento,29/05/2020,12/06/2020,"0,25"
RFOF11,Rendimento,30/06/2020,14/07/2020,"0,28"
RFOF11,Rendimento,31/07/2020,14/08/2020,"0,25"
RFOF11,Rendimento,31/08/2020,15/09/2020,"0,42"
RFOF11,Rendimento,30/09/2020,15/10/2020,"0,5"
RFOF11,Rendimento,30/10/2020,16/11/2020,"0,58"
RFOF11,Rendimento,30/11/2020,14/12/2020,"0,63"
RFOF11,Rendimento,30/12/2020,15/01/2021,"0,75"
RFOF11,Rendimento,29/01/2021,12/02/2021,"0,63"
