AFCR11,Ações,Híbrido
ALZR11,Ações,Híbrido
AIEC11,Ações,Lajes Corporativas
BCRI11,Ações,Títulos e Val. Mob.
BNFS11,Ações,Outros
BBFI11,Ações,Lajes Corporativas
BBFO11,Ações,Títulos e Val. Mob.
BBPO11,Ações,Lajes Corporativas
BBRC11,Ações,Outros
RDPD11,Ações,Títulos e Val. Mob.
RNDP11,Ações,Títulos e Val. Mob.
BLCP11,Ações,Outros
BLMG11,Ações,Outros
BCIA11,Ações,Títulos e Val. Mob.
BREV11,Ações,Híbrido
CARE11,Ações,Híbrido
BRCO11,Ações,Logística
BRIM11,Ações,Residencial
BTLG11,Ações,Logística
CRFF11,Ações,Títulos e Val. Mob.
CXRI11,Ações,Títulos e Val. Mob.
CPFF11,Ações,Títulos e Val. Mob.
CPTS11,Ações,Títulos e Val. Mob.
CBOP11,Ações,Lajes Corporativas
HGFF11,Ações,Títulos e Val. Mob.
HGLG11,Ações,Logística
HGPO11,Ações,Lajes Corporativas
HGRE11,Ações,Lajes Corporativas
HGCR11,Ações,Títulos e Val. Mob.
HGRU11,Ações,Híbrido
DEVA11,Ações,Títulos e Val. Mob.
DOVL11,Ações,Lajes Corporativas
KINP11,Ações,Residencial
FLCR11,Ações,Títulos e Val. Mob.
VRTA11,Ações,Títulos e Val. Mob.
BTCR11,Ações,Títulos e Val. Mob.
ANCR11,Ações,Shoppings
FAED11,Ações,Outros
BMLC11,Ações,Lajes Corporativas
BPRP11,Ações,Logística
BRCR11,Ações,Híbrido
FEXC11,Ações,Títulos e Val. Mob.
BCFF11,Ações,Títulos e Val. Mob.
FCFL11,Ações,Outros
CNES11,Ações,Lajes Corporativas
CEOC11,Ações,Lajes Corporativas
THRA11,Ações,Lajes Corporativas
FAMB11,Ações,Lajes Corporativas
EDGA11,Ações,Lajes Corporativas
ELDO11,Ações,Shoppings
FLRP11,Ações,Shoppings
HCRI11,Ações,Hospital
NSLU11,Ações,Hospital
HTMX11,Ações,Hotel
MAXR11,Ações,Outros
NCHB11,Ações,Títulos e Val. Mob.
NVHO11,Ações,Hospital
PQDP11,Ações,Shoppings
RBRM11,Ações,Híbrido
RBRR11,Ações,Títulos e Val. Mob.
RECR11,Ações,Títulos e Val. Mob.
RECT11,Ações,Híbrido
JRDM11,Ações,Shoppings
SHDP11,Ações,Shoppings
SAIC11,Ações,Lajes Corporativas
TBOF11,Ações,Lajes Corporativas
ALMI11,Ações,Lajes Corporativas
TRNT11,Ações,Lajes Corporativas
VLOL11,Ações,Lajes Corporativas
OUFF11,Ações,Títulos e Val. Mob.
WTSP11,Ações,Híbrido
VVPR11,Ações,Lajes Corporativas
LVBI11,Ações,Logística
BARI11,Ações,Títulos e Val. Mob.
BPFF11,Ações,Outros
BVAR11,Ações,Outros
BPML11,Ações,Shoppings
CXCE11,Ações,Lajes Corporativas
CXTL11,Ações,Logística
CTXT11,Ações,Lajes Corporativas
FLMA11,Ações,Híbrido
EDFO11,Ações,Lajes Corporativas
EURO11,Ações,Logística
GESE11,Ações,Outros
ABCP11,Ações,Shoppings
GTWR11,Ações,Lajes Corporativas
HBTT11,Ações,Títulos e Val. Mob.
HUSC11,Ações,Outros
FIIB11,Ações,Híbrido
FMOF11,Ações,Lajes Corporativas
MBRF11,Ações,Outros
MGFF11,Ações,Títulos e Val. Mob.
NPAR11,Ações,Outros
OULG11,Ações,Logística
FPNG11,Ações,Lajes Corporativas
FPAB11,Ações,Lajes Corporativas
RBRY11,Ações,Títulos e Val. Mob.
RBRP11,Ações,Outros
RCRB11,Ações,Lajes Corporativas
RBED11,Ações,Outros
RBVA11,Ações,Outros
RNGO11,Ações,Lajes Corporativas
FISC11,Ações,Lajes Corporativas
SCPF11,Ações,Shoppings
SDIL11,Ações,Logística
SHPH11,Ações,Shoppings
TGAR11,Ações,Híbrido
ONEF11,Ações,Lajes Corporativas
TOUR11,Ações,Residencial
VERE11,Ações,Outros
FVPQ11,Ações,Shoppings
VTLT11,Ações,Logística
VSEC11,Ações,Títulos e Val. Mob.
VSHO11,Ações,Shoppings
IBFF11,Ações,Títulos e Val. Mob.
PLCR11,Ações,Híbrido
RELG11,Ações,Híbrido
CVBI11,Ações,Títulos e Val. Mob.
MCCI11,Ações,Títulos e Val. Mob.
ARRI11,Ações,Títulos e Val. Mob.
HOSI11,Ações,Híbrido
MGHT11,Ações,Títulos e Val. Mob.
PVBI11,Ações,Lajes Corporativas
MGCR11,Ações,Títulos e Val. Mob.
RFOF11,Ações,Títulos e Val. Mob.
HBRH11,Ações,Híbrido
IRDM11,Ações,Títulos e Val. Mob.
KFOF11,Ações,Títulos e Val. Mob.
OURE11,Ações,Títulos e Val. Mob.
FATN11,Ações,Híbrido
RZTR11,Ações,Híbrido
GCFF11,Ações,Títulos e Val. Mob.
FIGS11,Ações,Shoppings
GGRC11,Ações,Logística
GRLV11,Ações,Logística
GALG11,Ações,Híbrido
HABT11,Ações,Títulos e Val. Mob.
HCTR11,Ações,Títulos e Val. Mob.
HAAA11,Ações,Lajes Corporativas
ATSA11,Ações,Shoppings
HGBS11,Ações,Shoppings
HLOG11,Ações,Logística
HRDF11,Ações,Híbrido
HREC11,Ações,Títulos e Val. Mob.
HPDP11,Ações,Shoppings
HMOC11,Ações,Shoppings
HFOF11,Ações,Títulos e Val. Mob.
HSAF11,Ações,Títulos e Val. Mob.
HSLG11,Ações,Logística
HSML11,Ações,Shoppings
HSRE11,Ações,Híbrido
IFIE11,Ações,Títulos e Val. Mob.
BICR11,Ações,Títulos e Val. Mob.
RBBV11,Ações,Títulos e Val. Mob.
JPPA11,Ações,Títulos e Val. Mob.
JPPC11,Ações,Híbrido
JSRE11,Ações,Híbrido
KISU11,Ações,Títulos e Val. Mob.
KNHY11,Ações,Títulos e Val. Mob.
KNRE11,Ações,Residencial
KNIP11,Ações,Títulos e Val. Mob.
KNRI11,Ações,Híbrido
KNCR11,Ações,Títulos e Val. Mob.
KNSC11,Ações,Títulos e Val. Mob.
LATR11,Ações,Residencial
LASC11,Ações,Shoppings
LOFT11,Ações,Residencial
LFTT11,Ações,Residencial
LGCP11,Ações,Logística
LUGG11,Ações,Residencial
DMAC11,Ações,Residencial
MALL11,Ações,Shoppings
MXRF11,Ações,Híbrido
MFII11,Ações,Híbrido
MFAI11,Ações,Híbrido
MORE11,Ações,Títulos e Val. Mob.
DRIT11,Ações,Lajes Corporativas
NEWL11,Ações,Híbrido
NEWU11,Ações,Híbrido
FTCE11,Ações,Híbrido
OUJP11,Ações,Híbrido
ORPD11,Ações,Títulos e Val. Mob.
PQAG11,Ações,Logística
PATC11,Ações,Lajes Corporativas
PATL11,Ações,Logística
PRSN11,Ações,Residencial
PLRI11,Ações,Títulos e Val. Mob.
PORD11,Ações,Títulos e Val. Mob.
PRSV11,Ações,Lajes Corporativas
QAGR11,Ações,Lajes Corporativas
QIFF11,Ações,Títulos e Val. Mob.
RBDS11,Ações,Residencial
RBGS11,Ações,Shoppings
RBCO11,Ações,Lajes Corporativas
RRCI11,Ações,Títulos e Val. Mob.
FIIP11,Ações,Híbrido
RBRD11,Ações,Híbrido
RCRI11,Ações,Híbrido
RBRF11,Ações,Títulos e Val. Mob.
RCFF11,Ações,Títulos e Val. Mob.
RBRL11,Ações,Logística
RBIV11,Ações,Títulos e Val. Mob.
RBVO11,Ações,NULL
RBFF11,Ações,Títulos e Val. Mob.
RBRS11,Ações,Híbrido
RZAK11,Ações,Títulos e Val. Mob.
ARCT11,Ações,Híbrido
SADI11,Ações,Títulos e Val. Mob.
SARE11,Ações,Híbrido
WPLZ11,Ações,Shoppings
REIT11,Ações,Títulos e Val. Mob.
SPTW11,Ações,Lajes Corporativas
STRX11,Ações,Híbrido
TEPP11,Ações,Lajes Corporativas
TORD11,Ações,Híbrido
XTED11,Ações,Lajes Corporativas
TRXF11,Ações,Híbrido
TRXB11,Ações,Híbrido
URPR11,Ações,Outros
VGIP11,Ações,Outros
VGIR11,Ações,Títulos e Val. Mob.
EVBI11,Ações,Híbrido
RVBI11,Ações,Títulos e Val. Mob.
VCJR11,Ações,Títulos e Val. Mob.
VIFI11,Ações,Títulos e Val. Mob.
VILG11,Ações,Logística
VINO11,Ações,Lajes Corporativas
VISC11,Ações,Shoppings
VOTS11,Ações,Títulos e Val. Mob.
XPCM11,Ações,Lajes Corporativas
XPCI11,Ações,Títulos e Val. Mob.
XPHT11,Ações,Hotel
XPIN11,Ações,Outros
XPLG11,Ações,Logística
XPML11,Ações,Shoppings
XPPR11,Ações,Outros
XPSF11,Ações,Títulos e Val. Mob.
AALR3,Ações,Análises e Diagnósticos
ABCB4,Ações,Bancos
ABEV3,Ações,Cervejas e Refrigerantes
HYPE3,Ações,Medicamentos e Outros Produtos
IGBR3,Ações,Exploração de Imóveis
AFLT3,Ações,Energia Elétrica
IGTA3,Ações,Exploração de Imóveis
INEP3,Ações,Máq. e Equip. Industriais
AGRO3,Ações,Agricultura
INEP4,Ações,Máq. e Equip. Industriais
IRBR3,Ações,Seguradoras
ITSA3,Ações,Bancos
ALPA3,Ações,Calçados
ALPA4,Ações,Calçados
ITSA4,Ações,Bancos
ALSO3,Ações,Exploração de Imóveis
ALUP3,Ações,Energia Elétrica
ALUP4,Ações,Energia Elétrica
AMAR3,Ações,"Tecidos, Vestuário e Calçados"
ITUB3,Ações,Bancos
ANIM3,Ações,Serviços Educacionais
APER3,Ações,Corretoras de Seguros
APTI4,Ações,Agricultura
ARZZ3,Ações,"Tecidos, Vestuário e Calçados"
AZEV3,Ações,Construção Pesada
AZEV4,Ações,Construção Pesada
B3SA3,Ações,Serviços Financeiros Diversos
ITUB4,Ações,Bancos
BAHI3,Ações,Serviços Educacionais
BALM3,Ações,Equipamentos
BALM4,Ações,Equipamentos
BAUH4,Ações,Carnes e Derivados
BAZA3,Ações,Bancos
BBAS3,Ações,Bancos
BBDC3,Ações,Bancos
JBDU3,Ações,Outros
JBDU4,Ações,Outros
JBSS3,Ações,Carnes e Derivados
JFEN3,Ações,Incorporações
JHSF3,Ações,Incorporações
JOPA3,Ações,Alimentos Diversos
JOPA4,Ações,Alimentos Diversos
JPSA3,Ações,Exploração de Imóveis
JSLG3,Ações,Transporte Rodoviário
BBDC4,Ações,Bancos
KEPL3,Ações,Máq. e Equip. Industriais
KLBN3,Ações,Papel e Celulose
KLBN4,Ações,Papel e Celulose
LAME3,Ações,Produtos Diversos
LAME4,Ações,Produtos Diversos
LCAM3,Ações,Aluguel de carros
BBRK3,Ações,Intermediação Imobiliária
LEVE3,Ações,Automóveis e Motocicletas
BBSE3,Ações,Seguradoras
LIGT3,Ações,Energia Elétrica
BDLL3,Ações,Máq. e Equip. Industriais
LINX3,Ações,Programas e Serviços
BDLL4,Ações,Máq. e Equip. Industriais
LIPR3,Ações,Energia Elétrica
BEEF3,Ações,Carnes e Derivados
LJQQ3,Ações,Produtos Diversos
LLIS3,Ações,"Tecidos, Vestuário e Calçados"
BEES3,Ações,Bancos
LOGG3,Ações,Exploração de Imóveis
LOGN3,Ações,Transporte Hidroviário
LPSB3,Ações,Intermediação Imobiliária
LREN3,Ações,"Tecidos, Vestuário e Calçados"
BEES4,Ações,Bancos
LUXM3,Ações,Transporte Hidroviário
LUXM4,Ações,Transporte Hidroviário
LWSA3,Ações,Programas e Serviços
BGIP3,Ações,Bancos
MDIA3,Ações,Alimentos Diversos
BGIP4,Ações,Bancos
BIDI3,Ações,Bancos
MEAL3,Ações,Restaurante e Similares
BIDI4,Ações,Bancos
MERC3,Ações,Soc. Crédito e Financiamento
BKBR3,Ações,Restaurante e Similares
MERC4,Ações,Soc. Crédito e Financiamento
BMEB3,Ações,Bancos
MGEL4,Ações,Artefatos de Ferro e Aço
BMEB4,Ações,Bancos
MGLU3,Ações,Eletrodomésticos
BMGB4,Ações,Bancos
MILS3,Ações,Serviços Diversos
BMIN3,Ações,Bancos
MMAQ3,Ações,Material de Transporte
BMIN4,Ações,Bancos
MMAQ4,Ações,Material de Transporte
BMKS3,Ações,Bicicletas
BNBR3,Ações,Bancos
MNDL3,Ações,Acessórios
BOBR3,Ações,Produtos de Limpeza
MNPR3,Ações,Carnes e Derivados
BOBR4,Ações,Produtos de Limpeza
MOAR3,Ações,Holdings Diversificadas
BPAC3,Ações,Bancos
BPAC5,Ações,Bancos
BPAN4,Ações,Bancos
BPAR3,Ações,Bancos
MOVI3,Ações,Aluguel de carros
MRFG3,Ações,Carnes e Derivados
MRVE3,Ações,Incorporações
BRAP3,Ações,Minerais Metálicos
MSPA3,Ações,Papel e Celulose
MSPA4,Ações,Papel e Celulose
BRAP4,Ações,Minerais Metálicos
MTIG3,Ações,Embalagens
BRDT3,Ações,"Exploração, Refino e Distribuição"
BRFS3,Ações,Carnes e Derivados
MTIG4,Ações,Embalagens
BRGE3,Ações,Seguradoras
BRGE5,Ações,Seguradoras
BRGE6,Ações,Seguradoras
MTSA4,Ações,Máq. e Equip. Construção e Agrícolas
BRGE7,Ações,Seguradoras
MULT3,Ações,Exploração de Imóveis
BRIV3,Ações,Bancos
MYPK3,Ações,Automóveis e Motocicletas
BRIV4,Ações,Bancos
BRKM3,Ações,Petroquímicos
BRKM5,Ações,Petroquímicos
NEOE3,Ações,Energia Elétrica
BRKM6,Ações,Petroquímicos
BRML3,Ações,Exploração de Imóveis
BRPR3,Ações,Exploração de Imóveis
BRSR3,Ações,Bancos
BRSR5,Ações,Bancos
BRSR6,Ações,Bancos
BSLI3,Ações,Bancos
ODER3,Ações,Alimentos Diversos
ODER4,Ações,Alimentos Diversos
BSLI4,Ações,Bancos
ODPV3,Ações,Análises e Diagnósticos
BTOW3,Ações,Produtos Diversos
OFSA3,Ações,Medicamentos e Outros Produtos
BTTL3,Ações,Material de Transporte
OIBR3,Ações,Telecomunicações
CALI3,Ações,Incorporações
OIBR4,Ações,Telecomunicações
CALI4,Ações,Incorporações
OMGE3,Ações,Energia Elétrica
CAML3,Ações,Alimentos Diversos
CARD3,Ações,Serviços Diversos
PARD3,Ações,Análises e Diagnósticos
CASN3,Ações,Água e Saneamento
PATI3,Ações,Artefatos de Ferro e Aço
PATI4,Ações,Artefatos de Ferro e Aço
CBEE3,Ações,Energia Elétrica
PCAR3,Ações,Alimentos
CCPR3,Ações,Exploração de Imóveis
CCRO3,Ações,Exploração de Rodovias
PDGR3,Ações,Incorporações
CEAB3,Ações,"Tecidos, Vestuário e Calçados"
PEAB3,Ações,Holdings Diversificadas
PEAB4,Ações,Holdings Diversificadas
PETR3,Ações,"Exploração, Refino e Distribuição"
CEBR3,Ações,Energia Elétrica
PETR4,Ações,"Exploração, Refino e Distribuição"
CEBR5,Ações,Energia Elétrica
CEBR6,Ações,Energia Elétrica
CEDO3,Ações,Fios e Tecidos
PETZ3,Ações,Produtos Diversos
PFRM3,Ações,Medicamentos e Outros Produtos
CEDO4,Ações,Fios e Tecidos
PINE3,Ações,Bancos
CEEB3,Ações,Energia Elétrica
PINE4,Ações,Bancos
CEEB5,Ações,Energia Elétrica
PLAS3,Ações,Automóveis e Motocicletas
CEGR3,Ações,Gás
CEPE3,Ações,Energia Elétrica
CEPE5,Ações,Energia Elétrica
CEPE6,Ações,Energia Elétrica
PMAM3,Ações,Artefatos de Cobre
CESP3,Ações,Energia Elétrica
PNVL3,Ações,Medicamentos e Outros Produtos
CESP5,Ações,Energia Elétrica
CESP6,Ações,Energia Elétrica
PNVL4,Ações,Medicamentos e Outros Produtos
POMO3,Ações,Material Rodoviário
CGAS3,Ações,Gás
POMO4,Ações,Material Rodoviário
CGAS5,Ações,Gás
POSI3,Ações,Computadores e Equipamentos
CGRA3,Ações,"Tecidos, Vestuário e Calçados"
CGRA4,Ações,"Tecidos, Vestuário e Calçados"
PRNR3,Ações,Serviços Diversos
PSSA3,Ações,Seguradoras
CIEL3,Ações,Serviços Financeiros Diversos
PTBL3,Ações,Produtos para Construção
CLSC3,Ações,Energia Elétrica
CLSC4,Ações,Energia Elétrica
PTNT3,Ações,Fios e Tecidos
CMIG3,Ações,Energia Elétrica
PTNT4,Ações,Fios e Tecidos
CMIG4,Ações,Energia Elétrica
QUAL3,Ações,Análises e Diagnósticos
RADL3,Ações,Medicamentos e Outros Produtos
RANI3,Ações,Papel e Celulose
RAPT3,Ações,Material Rodoviário
RAPT4,Ações,Material Rodoviário
RCSL4,Ações,Material Rodoviário
RDNI3,Ações,Incorporações
RDOR3,Ações,Análises e Diagnósticos
REDE3,Ações,Energia Elétrica
RENT3,Ações,Aluguel de carros
COCE3,Ações,Energia Elétrica
COCE5,Ações,Energia Elétrica
COCE6,Ações,Energia Elétrica
COGN3,Ações,Serviços Educacionais
RLOG3,Ações,Transporte Ferroviário
CORR3,Ações,Exploração de Imóveis
CORR4,Ações,Exploração de Imóveis
ROMI3,Ações,Máq. e Equip. Industriais
CPFE3,Ações,Energia Elétrica
RPAD3,Ações,Bancos
RPAD5,Ações,Bancos
CPLE3,Ações,Energia Elétrica
CPLE5,Ações,Energia Elétrica
RPAD6,Ações,Bancos
CPLE6,Ações,Energia Elétrica
RPMG3,Ações,"Exploração, Refino e Distribuição"
RSID3,Ações,Incorporações
CRDE3,Ações,Incorporações
CRFB3,Ações,Alimentos
RSUL4,Ações,Material Rodoviário
CRIV3,Ações,Soc. Crédito e Financiamento
SANB3,Ações,Bancos
CRIV4,Ações,Soc. Crédito e Financiamento
SANB4,Ações,Bancos
CRPG3,Ações,Químicos Diversos
SAPR3,Ações,Água e Saneamento
CRPG5,Ações,Químicos Diversos
CRPG6,Ações,Químicos Diversos
SAPR4,Ações,Água e Saneamento
CSAB3,Ações,Seguradoras
SBSP3,Ações,Água e Saneamento
CSAB4,Ações,Seguradoras
SCAR3,Ações,Exploração de Imóveis
SEER3,Ações,Serviços Educacionais
CSAN3,Ações,"Exploração, Refino e Distribuição"
SGPS3,Ações,Fios e Tecidos
SHOW3,Ações,Produção de Eventos e Shows
CSMG3,Ações,Água e Saneamento
SHUL4,Ações,"Motores, Compressores e Outros"
CSNA3,Ações,Siderurgia
CSRN3,Ações,Energia Elétrica
SIMH3,Ações,Holdings Diversificadas
SLCE3,Ações,Agricultura
SLED3,Ações,Produtos Diversos
CSRN5,Ações,Energia Elétrica
SLED4,Ações,Produtos Diversos
CSRN6,Ações,Energia Elétrica
SMLS3,Ações,Programas de Fidelização
SMTO3,Ações,Açucar e Alcool
CTKA3,Ações,Fios e Tecidos
CTKA4,Ações,Fios e Tecidos
SOND3,Ações,Engenharia Consultiva
CTNM3,Ações,Fios e Tecidos
CTNM4,Ações,Fios e Tecidos
SOND5,Ações,Engenharia Consultiva
CTSA3,Ações,Fios e Tecidos
SOND6,Ações,Engenharia Consultiva
CTSA4,Ações,Fios e Tecidos
CVCB3,Ações,Viagens e Turismo
SQIA3,Ações,Programas e Serviços
CYRE3,Ações,Incorporações
STBP3,Ações,Serviços de Apoio e Armazenagem
DASA3,Ações,Análises e Diagnósticos
DIRR3,Ações,Incorporações
DMMO3,Ações,"Exploração, Refino e Distribuição"
SULA3,Ações,Seguradoras
SULA4,Ações,Seguradoras
DOHL3,Ações,Fios e Tecidos
DOHL4,Ações,Fios e Tecidos
SUZB3,Ações,Papel e Celulose
TAEE3,Ações,Energia Elétrica
DTEX3,Ações,Madeira
TAEE4,Ações,Energia Elétrica
EALT3,Ações,Máq. e Equip. Industriais
TASA3,Ações,Armas e Munições
EALT4,Ações,Máq. e Equip. Industriais
TASA4,Ações,Armas e Munições
ECOR3,Ações,Exploração de Rodovias
TCNO3,Ações,Engenharia Consultiva
ECPR3,Ações,Fios e Tecidos
TCNO4,Ações,Engenharia Consultiva
ECPR4,Ações,Fios e Tecidos
EEEL3,Ações,Energia Elétrica
TCSA3,Ações,Incorporações
EEEL4,Ações,Energia Elétrica
TECN3,Ações,Acessórios
EGIE3,Ações,Energia Elétrica
TEKA3,Ações,Fios e Tecidos
TEKA4,Ações,Fios e Tecidos
TELB3,Ações,Telecomunicações
EKTR3,Ações,Energia Elétrica
TELB4,Ações,Telecomunicações
TEND3,Ações,Incorporações
EKTR4,Ações,Energia Elétrica
TGMA3,Ações,Transporte Rodoviário
ELET3,Ações,Energia Elétrica
TIET3,Ações,Energia Elétrica
ELET5,Ações,Energia Elétrica
TIET4,Ações,Energia Elétrica
ELET6,Ações,Energia Elétrica
TIMS3,Ações,Telecomunicações
EMAE4,Ações,Energia Elétrica
TKNO4,Ações,Artefatos de Ferro e Aço
TOTS3,Ações,Programas e Serviços
EMBR3,Ações,Material Aeronáutico e de Defesa
TPIS3,Ações,Exploração de Rodovias
ENAT3,Ações,"Exploração, Refino e Distribuição"
TRIS3,Ações,Incorporações
ENBR3,Ações,Energia Elétrica
TRPL3,Ações,Energia Elétrica
ENEV3,Ações,Energia Elétrica
ENGI3,Ações,Energia Elétrica
ENGI4,Ações,Energia Elétrica
TRPL4,Ações,Energia Elétrica
ENMT3,Ações,Energia Elétrica
ENMT4,Ações,Energia Elétrica
TUPY3,Ações,Material Rodoviário
EQPA3,Ações,Energia Elétrica
EQPA5,Ações,Energia Elétrica
UCAS3,Ações,Móveis
EQPA6,Ações,Energia Elétrica
UGPA3,Ações,"Exploração, Refino e Distribuição"
EQPA7,Ações,Energia Elétrica
EQTL3,Ações,Energia Elétrica
UNIP3,Ações,Químicos Diversos
UNIP5,Ações,Químicos Diversos
UNIP6,Ações,Químicos Diversos
ETER3,Ações,Produtos para Construção
USIM3,Ações,Siderurgia
USIM6,Ações,Siderurgia
EUCA3,Ações,Madeira
EUCA4,Ações,Madeira
VALE3,Ações,Minerais Metálicos
EVEN3,Ações,Incorporações
EZTC3,Ações,Incorporações
FESA3,Ações,Siderurgia
VIVA3,Ações,Acessórios
VIVT3,Ações,Telecomunicações
FESA4,Ações,Siderurgia
FHER3,Ações,Fertilizantes e Defensivos
VLID3,Ações,Serviços Diversos
FIGE3,Ações,Outros
FIGE4,Ações,Outros
FLRY3,Ações,Análises e Diagnósticos
VULC3,Ações,Calçados
VVAR3,Ações,Eletrodomésticos
FRAS3,Ações,Material Rodoviário
WEGE3,Ações,"Motores, Compressores e Outros"
FRIO3,Ações,Máq. e Equip. Industriais
FRTA3,Ações,Agricultura
WHRL3,Ações,Eletrodomésticos
GEPA3,Ações,Energia Elétrica
WHRL4,Ações,Eletrodomésticos
GEPA4,Ações,Energia Elétrica
WIZS3,Ações,Corretoras de Seguros
GFSA3,Ações,Incorporações
WLMM3,Ações,Material de Transporte
GGBR3,Ações,Siderurgia
WLMM4,Ações,Material de Transporte
YDUQ3,Ações,Serviços Educacionais
GGBR4,Ações,Siderurgia
GNDI3,Ações,Análises e Diagnósticos
GOAU3,Ações,Siderurgia
GOAU4,Ações,Siderurgia
GOLL4,Ações,Transporte Aéreo
GPAR3,Ações,Energia Elétrica
GPCP3,Ações,Petroquímicos
USIM5,Ações,Siderurgia
GRND3,Ações,Calçados
GSHP3,Ações,Exploração de Imóveis
GUAR3,Ações,"Tecidos, Vestuário e Calçados"
HAPV3,Ações,Análises e Diagnósticos
HBOR3,Ações,Incorporações
HBTS5,Ações,Exploração de Imóveis
HGTX3,Ações,Vestuário
ABCB3,Ações,Bancos
ABYA3,Ações,Incorporações
ACES3,Ações,Siderurgia
ACES4,Ações,Siderurgia
ADHM3,Ações,NULL
AEDU11,Ações,Serviços Educacionais
AEDU3,Ações,Serviços Educacionais
AELP3,Ações,Energia Elétrica
AERI3,Ações,Máq. e Equip. Industriais
AESL3,Ações,Energia Elétrica
AESL4,Ações,Energia Elétrica
AFLU3,Ações,Energia Elétrica
AFLU5,Ações,Energia Elétrica
AGEI3,Ações,Incorporações
AGEN33,Ações,Alimentos
AGIN3,Ações,Incorporações
AHEB3,Ações,Produção de Eventos e Shows
AHEB5,Ações,Produção de Eventos e Shows
AHEB6,Ações,Produção de Eventos e Shows
ALBA3,Ações,NULL
ALLL11,Ações,Transporte Ferroviário
ALLL3,Ações,Transporte Ferroviário
ALLL4,Ações,Transporte Ferroviário
ALPK3,Ações,Serviços Diversos
ALSC3,Ações,Exploração de Imóveis
ALUP11,Ações,Energia Elétrica
AMBP3,Ações,Água e Saneamento
AMBV3,Ações,NULL
AMBV4,Ações,NULL
AMIL3,Ações,Análises e Diagnósticos
AMPI3,Ações,Energia Elétrica
ARCE3,Ações,NULL
ARCZ3,Ações,Papel e Celulose
ARCZ6,Ações,Papel e Celulose
ARLA3,Ações,NULL
ARLA4,Ações,NULL
ARPS3,Ações,NULL
ARPS4,Ações,NULL
ARTE3,Ações,NULL
ARTE4,Ações,NULL
ARTR3,Ações,Exploração de Rodovias
ASSM3,Ações,NULL
ASSM4,Ações,NULL
ASTA4,Ações,NULL
ATMP3,Ações,Serviços Diversos
ATOM3,Ações,Outros
AURA33,Ações,Minerais Metálicos
AUTM3,Ações,Material Rodoviário
AVIL3,Ações,Siderurgia
AVLL3,Ações,Incorporações
AZUL4,Ações,Transporte Aéreo
BAHI11,Ações,Serviços Educacionais
BAHI4,Ações,Serviços Educacionais
BAHI5,Ações,Serviços Educacionais
BBTG11,Ações,Bancos
BBTG12,Ações,NULL
BBTG13,Ações,NULL
BCAL6,Ações,NULL
BECE3,Ações,NULL
BECE4,Ações,NULL
BELG3,Ações,NULL
BELG4,Ações,NULL
BEMA3,Ações,Computadores e Equipamentos
BERG3,Ações,NULL
BESP3,Ações,NULL
BESP4,Ações,NULL
BFIT3,Ações,NULL
BFIT4,Ações,NULL
BHGR3,Ações,Exploração de Imóveis
BICB3,Ações,Bancos
BICB4,Ações,Bancos
BIDI11,Ações,Bancos
BIOM3,Ações,Medicamentos e Outros Produtos
BIOM4,Ações,Medicamentos e Outros Produtos
BISA3,Ações,Incorporações
BMEF3,Ações,Serviços Financeiros Diversos
BMGB11,Ações,Bancos
BMTO3,Ações,NULL
BMTO4,Ações,NULL
BNBR4,Ações,Bancos
BNCA3,Ações,Bancos
BOAS3,Ações,Serviços Financeiros Diversos
BOVH3,Ações,Serviços Financeiros Diversos
BPAC11,Ações,Bancos
BPAT33,Ações,Bancos
BPHA3,Ações,Medicamentos e Outros Produtos
BPIA3,Ações,Bancos
BPNM3,Ações,Bancos
BRGE11,Ações,Seguradoras
BRGE12,Ações,Seguradoras
BRGE8,Ações,Seguradoras
BRSR4,Ações,Bancos
BRTP3,Ações,NULL
BRTP4,Ações,NULL
BSCT3,Ações,Bancos
BSCT5,Ações,Bancos
BSCT6,Ações,Bancos
BSEV3,Ações,Açucar e Alcool
BSGR3,Ações,NULL
BTTL4,Ações,Material de Transporte
BUET3,Ações,Fios e Tecidos
BUET4,Ações,Fios e Tecidos
CAFE3,Ações,NULL
CAFE4,Ações,NULL
CAMB3,Ações,Calçados
CAMB4,Ações,Calçados
CASH3,Ações,Programas e Serviços
CBMA3,Ações,NULL
CBMA4,Ações,NULL
CCHI3,Ações,Produtos para Construção
CCHI4,Ações,Produtos para Construção
CCIM3,Ações,Incorporações
CCTU4,Ações,NULL
CCXC3,Ações,Minerais Metálicos
CEED3,Ações,Energia Elétrica
CEED4,Ações,Energia Elétrica
CELM3,Ações,NULL
CESP4,Ações,Energia Elétrica
CFLU4,Ações,NULL
CGOS3,Ações,Energia Elétrica
CGOS4,Ações,Energia Elétrica
CIQU3,Ações,NULL
CIQU4,Ações,NULL
CLAN3,Ações,NULL
CLAN4,Ações,NULL
CLSC5,Ações,Energia Elétrica
CLSC6,Ações,Energia Elétrica
CMET4,Ações,NULL
CMMA4,Ações,NULL
CNFB4,Ações,Artefatos de Ferro e Aço
CNTO3,Ações,Produtos Diversos
CPFG3,Ações,Energia Elétrica
CPFG4,Ações,Energia Elétrica
CPFP4,Ações,Energia Elétrica
CPNY3,Ações,Incorporações
CPRE3,Ações,Energia Elétrica
CPSL3,Ações,NULL
CRBM3,Ações,NULL
CRBM7,Ações,NULL
CREM3,Ações,Medicamentos e Outros Produtos
CREM4,Ações,Medicamentos e Outros Produtos
CRTP3,Ações,NULL
CRTP5,Ações,NULL
CRUZ3,Ações,NULL
CSPC3,Ações,NULL
CSPC4,Ações,NULL
CSTB3,Ações,NULL
CSTB4,Ações,NULL
CTIP3,Ações,Serviços Financeiros Diversos
CTPC3,Ações,Alimentos Diversos
CTPC4,Ações,Alimentos Diversos
CTSA8,Ações,Fios e Tecidos
CTWR3,Ações,NULL
CURY3,Ações,Incorporações
CYRE4,Ações,Incorporações
CZLT33,Ações,NULL
CZRS3,Ações,Bancos
CZRS4,Ações,Bancos
DAGB33,Ações,Produtos Diversos
DAYC3,Ações,Bancos
DAYC4,Ações,Bancos
DFVA3,Ações,NULL
DFVA4,Ações,NULL
DHBI3,Ações,Material Rodoviário
DHBI4,Ações,Material Rodoviário
DJON4,Ações,NULL
DMVF3,Ações,Medicamentos e Outros Produtos
DOCA3,Ações,NULL
DOCA4,Ações,NULL
DPPI3,Ações,NULL
DPPI4,Ações,NULL
DSUL3,Ações,Programas e Serviços
DTCY3,Ações,Serviços Diversos
DUFB11,Ações,Produtos Diversos
DUQE3,Ações,Artefatos de Ferro e Aço
DUQE4,Ações,Artefatos de Ferro e Aço
DURA3,Ações,Madeira
DURA4,Ações,Madeira
DXTG4,Ações,NULL
EBCO3,Ações,NULL
EBCO4,Ações,NULL
EBEN4,Ações,Energia Elétrica
EBTP3,Ações,NULL
EBTP4,Ações,NULL
ECIS3,Ações,NULL
ECIS4,Ações,NULL
ELCA3,Ações,Energia Elétrica
ELCA4,Ações,Energia Elétrica
ELEK3,Ações,Petroquímicos
ELEK4,Ações,Petroquímicos
ELEV3,Ações,Carnes e Derivados
ELPL3,Ações,Energia Elétrica
ELPL4,Ações,Energia Elétrica
ELPL5,Ações,Energia Elétrica
ELPL6,Ações,Energia Elétrica
ELUM3,Ações,NULL
ELUM4,Ações,NULL
ENER3,Ações,Energia Elétrica
ENER5,Ações,Energia Elétrica
ENER6,Ações,Energia Elétrica
ENGI11,Ações,Energia Elétrica
ENJU3,Ações,Programas e Serviços
EQMA3B,Ações,Energia Elétrica
EQMA5B,Ações,Energia Elétrica
EQMA6B,Ações,Energia Elétrica
ESCE3,Ações,Energia Elétrica
ESPA3,Ações,Produtos Diversos
ESTC11,Ações,Serviços Educacionais
ESTC4,Ações,Serviços Educacionais
ESTR3,Ações,Brinquedos e Jogos
ESTR4,Ações,Brinquedos e Jogos
ETER4,Ações,Produtos para Construção
FBMC3,Ações,Artefatos de Ferro e Aço
FBMC4,Ações,Artefatos de Ferro e Aço
FBRA4,Ações,NULL
FCAP3,Ações,NULL
FCAP4,Ações,NULL
FFTL3,Ações,Fertilizantes e Defensivos
FFTL4,Ações,Fertilizantes e Defensivos
FGUI3,Ações,Fios e Tecidos
FGUI4,Ações,Fios e Tecidos
FIBR3,Ações,Papel e Celulose
FLCL3,Ações,NULL
FLCL5,Ações,NULL
FLCL6,Ações,NULL
FRAS4,Ações,Material Rodoviário
FTRX3,Ações,Fios e Tecidos
FTRX4,Ações,Fios e Tecidos
GAFP3,Ações,Incorporações
GAFP4,Ações,Incorporações
GALO3,Ações,NULL
GALO4,Ações,NULL
GAZO3,Ações,NULL
GAZO4,Ações,NULL
GBIO33,Ações,Medicamentos e Outros Produtos
GETI3,Ações,Energia Elétrica
GETI4,Ações,Energia Elétrica
GLOB4,Ações,Eletrodomésticos
GMAT3,Ações,Alimentos
GPIV33,Ações,Gestão de Recursos e Investimentos
GRNL4,Ações,NULL
GUAR4,Ações,"Tecidos, Vestuário e Calçados"
GVTT3,Ações,NULL
HAGA3,Ações,Produtos para Construção
HAGA4,Ações,Produtos para Construção
HBRE3,Ações,Exploração de Imóveis
HBSA3,Ações,Transporte Hidroviário
HETA3,Ações,Utensílios Domésticos
HETA4,Ações,Utensílios Domésticos
HGTX4,Ações,Vestuário
HOOT4,Ações,Hotelaria
ICPI3,Ações,NULL
IDVL11,Ações,Bancos
IDVL3,Ações,Bancos
IDVL4,Ações,Bancos
IENG3,Ações,Energia Elétrica
IENG5,Ações,Energia Elétrica
IGBR5,Ações,Exploração de Imóveis
IGBR6,Ações,Exploração de Imóveis
IGUA3,Ações,NULL
IGUA5,Ações,NULL
IGUA6,Ações,NULL
ILLS4,Ações,NULL
ILMD3,Ações,Fertilizantes e Defensivos
ILMD4,Ações,Fertilizantes e Defensivos
IMBI3,Ações,Serviços de Apoio e Armazenagem
IMBI4,Ações,Serviços de Apoio e Armazenagem
IMCH3,Ações,Restaurante e Similares
INHA3,Ações,Incorporações
INTB3,Ações,Computadores e Equipamentos
ITEC3,Ações,Computadores e Equipamentos
IVTT3,Ações,Exploração de Imóveis
JFAB4,Ações,NULL
KLBN11,Ações,Papel e Celulose
KROT11,Ações,Serviços Educacionais
KROT4,Ações,Serviços Educacionais
KSSA3,Ações,Incorporações
LATM11,Ações,Transporte Aéreo
LATS3,Ações,NULL
LAVV3,Ações,Incorporações
LCSA3,Ações,NULL
LCSA4,Ações,NULL
LECO3,Ações,NULL
LECO4,Ações,NULL
LETO3,Ações,Artefatos de Ferro e Aço
LETO5,Ações,Artefatos de Ferro e Aço
LEVE4,Ações,Automóveis e Motocicletas
LFFE3,Ações,NULL
LFFE4,Ações,NULL
LGLO4,Ações,NULL
LIGH3,Ações,Energia Elétrica
LIXC3,Ações,NULL
LIXC4,Ações,NULL
LREN4,Ações,"Tecidos, Vestuário e Calçados"
LUPA3,Ações,Equipamentos e Serviços
MAGG3,Ações,NULL
MAGS3,Ações,NULL
MAPT3,Ações,Outros
MAPT4,Ações,Outros
MARI3,Ações,"Tecidos, Vestuário e Calçados"
MBLY3,Ações,Programas e Serviços
MDNE3,Ações,Incorporações
MEDI3,Ações,Análises e Diagnósticos
MELK3,Ações,Incorporações
MEND5,Ações,NULL
MEND6,Ações,NULL
MGEL3,Ações,Artefatos de Ferro e Aço
MILK33,Ações,NULL
MLFT4,Ações,Exploração de Imóveis
MLPA12,Ações,Papel e Celulose
MLPA3,Ações,Papel e Celulose
MLPA4,Ações,Papel e Celulose
MMXM3,Ações,Minerais Metálicos
MNDL4,Ações,Acessórios
MNPR4,Ações,Carnes e Derivados
MNSA3,Ações,NULL
MNSA4,Ações,NULL
MOSI3,Ações,Programas e Serviços
MPLU3,Ações,NULL
MRSA3B,Ações,Transporte Ferroviário
MRSA5B,Ações,Transporte Ferroviário
MRSA6B,Ações,Transporte Ferroviário
MRSL3,Ações,Vestuário
MRSL4,Ações,Vestuário
MSAN3,Ações,NULL
MSAN4,Ações,NULL
MTBR3,Ações,Eletrodomésticos
MTBR4,Ações,Eletrodomésticos
MTRE3,Ações,Incorporações
MWET3,Ações,Material Rodoviário
MWET4,Ações,Material Rodoviário
MYPK4,Ações,Automóveis e Motocicletas
NAFG3,Ações,NULL
NAFG4,Ações,NULL
NATU3,Ações,NULL
NETC3,Ações,NULL
NETC4,Ações,NULL
NGRD3,Ações,Programas e Serviços
NORD3,Ações,Máq. e Equip. Industriais
NTCO3,Ações,Produtos de Uso Pessoal
NUTR3,Ações,Fertilizantes e Defensivos
OGXP3,Ações,"Exploração, Refino e Distribuição"
OSAO4,Ações,Automóveis e Motocicletas
OSXB3,Ações,Equipamentos e Serviços
PALF11,Ações,Energia Elétrica
PALF3,Ações,Energia Elétrica
PALF5,Ações,Energia Elétrica
PCAR4,Ações,Alimentos
PCAR5,Ações,Alimentos
PDTC3,Ações,Gestão de Recursos e Investimentos
PEFX3,Ações,Petroquímicos
PEFX5,Ações,Petroquímicos
PGMN3,Ações,Medicamentos e Outros Produtos
PITI4,Ações,NULL
PLDN4,Ações,NULL
PLIM4,Ações,NULL
PLPL3,Ações,Incorporações
PLTO5,Ações,NULL
PLTO6,Ações,NULL
PMAM4,Ações,Artefatos de Cobre
PMET3,Ações,NULL
PMET5,Ações,NULL
PMET6,Ações,NULL
PNOR5,Ações,Petroquímicos
PNOR6,Ações,Petroquímicos
POPR4,Ações,NULL
PORP4,Ações,NULL
PQUN3,Ações,Petroquímicos
PQUN4,Ações,Petroquímicos
PRBC3,Ações,Bancos
PRBC4,Ações,Bancos
PRGA4,Ações,Carnes e Derivados
PRIO3,Ações,"Exploração, Refino e Distribuição"
PRML3,Ações,Serviços de Apoio e Armazenagem
PRTX3,Ações,Serviços de Apoio e Armazenagem
PRVI3,Ações,NULL
PTBL4,Ações,Produtos para Construção
PTIP3,Ações,NULL
PTIP4,Ações,NULL
PTPA3,Ações,NULL
PTPA4,Ações,NULL
PTQS4,Ações,NULL
RAIA3,Ações,Medicamentos e Outros Produtos
RAIL3,Ações,Transporte Ferroviário
RANI4,Ações,Papel e Celulose
RCTB31,Ações,Telecomunicações
RCTB33,Ações,Telecomunicações
RCTB41,Ações,Telecomunicações
RCTB42,Ações,Telecomunicações
RDCD3,Ações,Serviços Financeiros Diversos
RDTR3,Ações,NULL
REDE4,Ações,Energia Elétrica
REEM4,Ações,NULL
REPA3,Ações,NULL
REPA4,Ações,NULL
RGEG3,Ações,Energia Elétrica
RHDS3,Ações,Petroquímicos
RHDS4,Ações,Petroquímicos
RIPI3,Ações,"Exploração, Refino e Distribuição"
RIPI4,Ações,"Exploração, Refino e Distribuição"
RJCP3,Ações,NULL
RNEW11,Ações,Energia Elétrica
RNEW3,Ações,Energia Elétrica
RNEW4,Ações,Energia Elétrica
RNPT3,Ações,Bancos
RNPT4,Ações,Bancos
ROMI4,Ações,Máq. e Equip. Industriais
RPMG4,Ações,"Exploração, Refino e Distribuição"
RPSA4,Ações,NULL
RRRP3,Ações,"Exploração, Refino e Distribuição"
RSIP3,Ações,Agricultura
RSIP4,Ações,Agricultura
SALM3,Ações,NULL
SALM4,Ações,NULL
SANB11,Ações,Bancos
SAPR11,Ações,Água e Saneamento
SASG3,Ações,Seguradoras
SCAR4,Ações,Exploração de Imóveis
SCLO3,Ações,Fios e Tecidos
SCLO4,Ações,Fios e Tecidos
SDIA3,Ações,Carnes e Derivados
SDIA4,Ações,Carnes e Derivados
SEBB11,Ações,Serviços Educacionais
SEBB3,Ações,Serviços Educacionais
SEBB4,Ações,Serviços Educacionais
SEDU3,Ações,NULL
SEMP3,Ações,Eletrodomésticos
SEQL3,Ações,Serviços Diversos
SFSA3,Ações,Bancos
SFSA4,Ações,Bancos
SGEN3,Ações,Incorporações
SGEN4,Ações,Incorporações
SJOS3,Ações,Fios e Tecidos
SJOS4,Ações,Fios e Tecidos
SLCP3,Ações,NULL
SMLE3,Ações,NULL
SNSY5,Ações,Materiais Diversos
SOMA3,Ações,"Tecidos, Vestuário e Calçados"
SPRI3,Ações,NULL
SPRI5,Ações,NULL
SPRI6,Ações,NULL
STBP11,Ações,Serviços de Apoio e Armazenagem
STRP4,Ações,Vestuário
SUBA3,Ações,NULL
SULA11,Ações,Seguradoras
SULT3,Ações,NULL
SULT4,Ações,NULL
SUZA4,Ações,Holdings Diversificadas
SUZB5,Ações,Papel e Celulose
SUZB6,Ações,Papel e Celulose
SZPQ4,Ações,Petroquímicos
TAEE11,Ações,Energia Elétrica
TAMM3,Ações,Transporte Aéreo
TAMM4,Ações,Transporte Aéreo
TANC4,Ações,Transporte Aéreo
TARP11,Ações,Holdings Diversificadas
TBLE5,Ações,Energia Elétrica
TBLE6,Ações,Energia Elétrica
TCOC3,Ações,NULL
TCOC4,Ações,NULL
TCSL4,Ações,Telecomunicações
TDBH3,Ações,NULL
TDBH4,Ações,NULL
TEFC11,Ações,NULL
TEMP3,Ações,Análises e Diagnósticos
TENE5,Ações,Fios e Tecidos
TENE7,Ações,Fios e Tecidos
TERI3,Ações,Alimentos Diversos
TESA3,Ações,Agricultura
TFCO4,Ações,Vestuário
TIET11,Ações,Energia Elétrica
TIMP3,Ações,Telecomunicações
TLCP3,Ações,NULL
TLCP4,Ações,NULL
TMAR3,Ações,NULL
TMAR5,Ações,NULL
TMAR6,Ações,NULL
TMCP3,Ações,NULL
TMCP4,Ações,NULL
TMGC11,Ações,NULL
TMGC12,Ações,NULL
TMGC13,Ações,NULL
TMGC3,Ações,NULL
TMGC7,Ações,NULL
TNCP3,Ações,NULL
TNCP4,Ações,NULL
TNEP3,Ações,NULL
TNEP4,Ações,NULL
TNLP3,Ações,NULL
TNLP4,Ações,NULL
TOYB3,Ações,NULL
TOYB4,Ações,NULL
TPRC3,Ações,Telecomunicações
TPRC6,Ações,Telecomunicações
TRFO3,Ações,NULL
TRFO4,Ações,NULL
TROR3,Ações,NULL
TROR4,Ações,NULL
TRPN3,Ações,Holdings Diversificadas
TSEP3,Ações,NULL
TSEP4,Ações,NULL
TSPP3,Ações,NULL
TSPP4,Ações,NULL
TUPY4,Ações,Material Rodoviário
TVIT3,Ações,Programas e Serviços
TXRX3,Ações,Fios e Tecidos
TXRX4,Ações,Fios e Tecidos
UBBR11,Ações,Bancos
UBBR3,Ações,Bancos
UBBR4,Ações,Bancos
UCOP4,Ações,NULL
UGPA4,Ações,"Exploração, Refino e Distribuição"
UOLL4,Ações,Programas e Serviços
VAGV3,Ações,Transporte Aéreo
VAGV4,Ações,Transporte Aéreo
VALE5,Ações,Minerais Metálicos
VAMO3,Ações,Aluguel de carros
VCPA4,Ações,Papel e Celulose
VGOR3,Ações,NULL
VGOR4,Ações,NULL
VIGR3,Ações,NULL
VINE3,Ações,Fios e Tecidos
VINE5,Ações,Fios e Tecidos
VIVO3,Ações,NULL
VIVO4,Ações,NULL
VIVR3,Ações,Incorporações
VIVT4,Ações,Telecomunicações
VNET3,Ações,Serviços Financeiros Diversos
VPSC3,Ações,Serviços de Apoio e Armazenagem
VPSC4,Ações,Serviços de Apoio e Armazenagem
VPTA3,Ações,Transporte Aéreo
VPTA4,Ações,Transporte Aéreo
VSPT3,Ações,Transporte Ferroviário
VSPT4,Ações,Transporte Ferroviário
VTLM3,Ações,NULL
VULC4,Ações,Calçados
VVAR11,Ações,Eletrodomésticos
VVAR4,Ações,Eletrodomésticos
VVAX3,Ações,NULL
VVAX4,Ações,NULL
WEGE4,Ações,"Motores, Compressores e Outros"
WISA3,Ações,Artefatos de Ferro e Aço
WISA4,Ações,Artefatos de Ferro e Aço
WMBY3,Ações,Fios e Tecidos
WSON33,Ações,Serviços de Apoio e Armazenagem
